"Luzern","NEUTRAL","8"
"Renens (VD), Vaud","NEUTRAL","14"
"Rolle, Suisse","NEUTRAL","6"
"Fribourg/Freiburg, Switzerland","NEUTRAL","1"
"France/Suisse","NEUTRAL","1"
"HQ Geneva, Switzerland","NEUTRAL","1"
"Chiasso, Ticino","NEUTRAL","3"
"Switzerland","POSITIVE","460"
"Brisbane City, Brisbane","NEUTRAL","4"
"Genève, Zurich","NEUTRAL","1"
"Sierre, Valais HES-SO","NEUTRAL","6"
"Wonderful Prod / Paris Suisse","NEUTRAL","1"
"Nyon","NEUTRAL","52"
"Moutier, Switzerland","NEUTRAL","6"
"pendang,kedah","NEUTRAL","1"
"Arau, Perlis","NEUTRAL","2"
"collombey valais , suisse","NEUTRAL","2"
"london, uk.","NEUTRAL","1"
"switzerland; planet jeds","NEUTRAL","1"
"Romainmôtier, Suisse","NEUTRAL","1"
"Geneva , Switzerland","NEUTRAL","5"
"Nendaz, Switzerland","NEUTRAL","13"
"Cressier/NE,Switzerland","POSITIVE","1"
"Vouvry, Valais","NEUTRAL","4"
"Tout Droit du 93","NEUTRAL","2"
"Annemasse (74)","NEUTRAL","1"
"Rolle, Switzerland","NEUTRAL","1"
"Suisse Lausanne","NEUTRAL","1"
"Cyberia","NEUTRAL","4"
"La Plaine Saint-Denis","NEUTRAL","1"
"Saanen","NEUTRAL","1"
"Switzerland, Vevey","NEUTRAL","1"
"Baden","NEUTRAL","3"
"Rhône-Alpes","NEUTRAL","3"
"@ya mama's house, Switzerland","NEUTRAL","3"
"Geneve, Switzerland","NEUTRAL","23"
"lausanne, Suisse","NEUTRAL","11"
"Geneva, Chicago, Twitter","NEUTRAL","1"
"Lucerne, Switzerland","NEUTRAL","2"
"CH - Gnv","NEUTRAL","3"
"suisse","NEUTRAL","451"
"New York, USA","NEUTRAL","9"
"Lugano, Svizzera","NEUTRAL","1"
"Valais","POSITIVE","6"
"Cernier","NEUTRAL","2"
"Munich, Bavaria","POSITIVE","1"
"Genève, Switzerland","NEUTRAL","73"
"Lausanne, Suisse / Switzerland","NEUTRAL","3"
"suisse/geneve","NEUTRAL","1"
"Nyon, Switzerland","NEGATIVE","1"
"Sleeping","NEUTRAL","16"
"Marly, Suisse","NEUTRAL","4"
"Suisse, Switzerland","POSITIVE","2"
"Berikon, Schweiz","NEUTRAL","1"
"charleroi","NEUTRAL","2"
"Bahrain","NEUTRAL","4"
"Canada, Serbia, Malawi","NEUTRAL","1"
"Lausanne, CH","NEUTRAL","7"
"Gland","NEUTRAL","9"
"Genève 1⃣7⃣","NEUTRAL","1"
"Zweisimmen","NEUTRAL","1"
"Geneva - Italy","NEUTRAL","1"
"Kingdom of Saudi Arabia","NEUTRAL","1"
"スイス","NEUTRAL","17"
"Frick, Aargau, Switzerland","NEUTRAL","1"
"Fully, Switzerland","NEUTRAL","1"
"verbier","NEUTRAL","1"
"Genève, Suisse / Paris, France","NEUTRAL","7"
"Freebourg, Sweetzerland","NEUTRAL","1"
"Termen, Wallis /Zwitserland","NEUTRAL","2"
"Switzerland, Geneva","NEUTRAL","4"
"Romiley","NEUTRAL","1"
"Charmey, Fribourg","NEUTRAL","1"
"Berne, Switzerland","POSITIVE","1"
"Fully, Suisse","NEUTRAL","28"
"jura","NEUTRAL","99"
"Switzerland, en suisse","POSITIVE","1"
"Spain, France, Canada, RSA","NEUTRAL","2"
"1968 Mase Suisse","NEUTRAL","6"
"Evian-les-Bains","NEUTRAL","1"
"Lausanne","NEUTRAL","2567"
"Yverdon","NEUTRAL","29"
"None","NEGATIVE","5"
"Jura, Franche-Comté.","NEUTRAL","13"
"Switzerland, Valais","NEUTRAL","15"
"spiez","NEUTRAL","5"
"G.","NEUTRAL","1"
"Yvonand, Vaud","NEUTRAL","1"
"Jura, Switzerland","POSITIVE","1"
"Unidad Basica PJ Basel, Suiza","NEUTRAL","1"
"Orsières","POSITIVE","1"
"lausanne, california state","NEUTRAL","18"
"Riaz","POSITIVE","7"
"Lutry","POSITIVE","2"
"Prilly, Suisse","NEUTRAL","2"
"Vaud, Suisse","NEGATIVE","4"
"Vallamand, Vaud","NEUTRAL","3"
"VS // SG, Switzerland","NEUTRAL","4"
"Geneva, London","NEUTRAL","2"
"La Chaux-de-Fonds, Suisse","NEUTRAL","96"
"Ecublens","NEUTRAL","70"
"Geneva, CH","NEUTRAL","61"
"suisse, Lausanne","NEUTRAL","25"
"Jura, Franche-Comté","POSITIVE","9"
"#Annecy #Genève Franche-Comté","NEUTRAL","1"
"Switzerland, Chill","POSITIVE","1"
"Nyon, Suíça","NEUTRAL","2"
"Spreitenbach, Schweiz","NEUTRAL","1"
"Savagnier, Neuchâtel","NEUTRAL","2"
"Blonay","NEUTRAL","3"
"Sion, VS","NEUTRAL","11"
"zurich, switzerland","NEUTRAL","4"
"Palettes, Genève","NEUTRAL","10"
"Renens, Switzerland","NEUTRAL","1"
"wonderland","NEUTRAL","1"
"Echandens, Switzerland","POSITIVE","1"
"Swiss","NEUTRAL","725"
"São Paulo","NEUTRAL","1"
"Vaud, CH","NEUTRAL","6"
"Genève, Suisse☁️","POSITIVE","1"
"Massongex,Suisse","NEUTRAL","14"
"Ici et là...","NEUTRAL","1"
"Fribourg, CH | Türkiye 24","NEUTRAL","36"
"Oberwil BL","NEUTRAL","14"
"Genève-Lausanne","NEUTRAL","1"
"ai","NEUTRAL","1"
"Romont, Switzerland","NEUTRAL","2"
"Lugano","POSITIVE","2"
"Villars-sur-Glâne, Suisse","NEUTRAL","2"
"Thun","NEUTRAL","2"
"Conthey, Suisse","NEUTRAL","6"
"Château-d'Oex, Switzerland","NEUTRAL","1"
"Den Haag","NEUTRAL","1"
"Suisse, Fribourg","NEUTRAL","9"
"Praz-Vully, Suisse","NEUTRAL","2"
"Presinge, Switzerland","NEUTRAL","3"
"sharjah uae","NEUTRAL","1"
"Zurich, Paris et Challement","POSITIVE","1"
"Muhen","NEUTRAL","6"
"La Chaux-de-Fonds","NEUTRAL","9"
".fr, .be, .ch, .eu | Lausanne","POSITIVE","1"
"Université de Lausanne, Suisse","NEUTRAL","1"
"Lourtier, Verbier","NEUTRAL","3"
"Corminboeuf, Fribourg","NEUTRAL","2"
"Carouge, Genève","POSITIVE","1"
"Genève, Suisse Egypte","NEUTRAL","13"
"Zürich, Schweiz","NEUTRAL","19"
"Je me le demande souvent","NEUTRAL","1"
"Gingins, Valais, Suisse","NEUTRAL","75"
"Geneva City","NEUTRAL","2"
"Freiburg, Schweiz","NEUTRAL","11"
"Châtel-St-Denis","NEUTRAL","3"
"Geneva/Zurich, Switzerland","NEUTRAL","5"
"From Geneva, Switzerland","NEUTRAL","4"
"lausanne, suisse","NEUTRAL","3"
"Court","NEUTRAL","1"
"Penthalaz, Suisse","NEUTRAL","1"
"Bar","NEUTRAL","1"
"Saint-Avé, France","NEUTRAL","3"
"Savièse, Valais","NEUTRAL","1"
"Courtételle / Jura","NEUTRAL","1"
"Le Locle","POSITIVE","1"
"Montpellier, France","NEUTRAL","1"
"meyrin","NEUTRAL","1"
"Morges, Vaud","NEUTRAL","4"
"Yvonand, Suisse","NEUTRAL","5"
"Zurich,","NEUTRAL","1"
"Manno, Svizzera","NEUTRAL","1"
"Suisse, Neuchâtel","NEUTRAL","4"
"Haute-Savoie, Rhône-Alpes","NEUTRAL","1"
"Martigny","POSITIVE","4"
"Paradiso, Svizzera","NEUTRAL","1"
"Champvent, Switzerland","NEUTRAL","1"
"Estavayer-le-Lac, Suisse #Fr","NEUTRAL","4"
"Ferney-Voltaire","NEUTRAL","1"
"Suisse, France cathodique","NEGATIVE","1"
"Thônex, Genève","POSITIVE","1"
"A E S T H E T I C","NEUTRAL","1"
"Verbier","NEUTRAL","28"
"genf, mtp","NEUTRAL","3"
"salvan","NEUTRAL","1"
"Hölstein, Switzerland.","NEUTRAL","1"
"Canary island :D","NEUTRAL","1"
"Au Pays Des Merveilles","NEUTRAL","1"
"sh","NEUTRAL","2"
"Bagnes, Valais","NEUTRAL","1"
"Strasbourg","NEUTRAL","1"
"Veurne, Belgium","NEUTRAL","1"
"Genève Suisse","NEUTRAL","2"
"Genève, Lyon, Paris","POSITIVE","5"
"Mo City","NEUTRAL","2"
"poitiers","NEUTRAL","1"
"bulle","POSITIVE","1"
"reading, uk","NEUTRAL","1"
"geneva, paris,and more to come","NEUTRAL","1"
"Zulfi - Kuwait - Dubai","NEUTRAL","2"
"genève, suisse","NEUTRAL","3"
"Geneve, Geneva Suisse","NEUTRAL","2"
"Lugano, Ticino","NEUTRAL","2"
"Biel-Bienne","NEUTRAL","1"
"Schweiz","POSITIVE","4"
"Switzerland","NEGATIVE","64"
"Ticino, Switzerland","NEUTRAL","3"
"Vétroz, Valais","NEUTRAL","1"
"Monaco","NEUTRAL","1"
"Les Enfers, Suisse","NEUTRAL","22"
"Geneve Swiss","NEUTRAL","11"
"Genève, Suisse - Amsterdam, NL","NEUTRAL","1"
"Aigle","NEUTRAL","3"
"Lausanne/Genève, Suisse","NEUTRAL","3"
"ginevra","POSITIVE","1"
"Grandvaux, Suisse","POSITIVE","6"
"Martigny-Combe","NEUTRAL","1"
"Chaux-de-Fonds","NEUTRAL","3"
"uk","NEUTRAL","1"
"Zurique, Suíça","NEUTRAL","1"
"Vaud, Switzerland","NEUTRAL","223"
"Genève, Tunisie","NEUTRAL","12"
"Bex","NEUTRAL","1"
"switzerland,,portugal","POSITIVE","1"
"Monte","NEUTRAL","3"
"Les Hauts-Geneveys, Neuchâtel","NEUTRAL","4"
"#TeamMinaj #TeamTinashe","NEUTRAL","3"
"Frick","NEUTRAL","1"
"Switzerland... Mostly....","NEUTRAL","1"
"Yverdon-les-Bains, CH","POSITIVE","1"
"Geneva","NEUTRAL","3258"
"rien","NEUTRAL","34"
"Basel-City, Switzerland","NEUTRAL","109"
"St.-Prex, Switzerland","NEUTRAL","8"
"Daillens, Vaud","POSITIVE","1"
"La Tour-de-Peilz","NEUTRAL","3"
"Genève, Carouge","NEUTRAL","2"
"Locarno","NEUTRAL","1"
"Neuchâtel, Suisse Korriban","NEUTRAL","59"
"universe","NEUTRAL","1"
"Savigny, Vaud","NEUTRAL","1"
"neuchâtel, CH","NEGATIVE","1"
"Yverdon les Bains, Suisse","NEUTRAL","4"
"Lausanne / Suisse","POSITIVE","1"
"Lucerne, Suisse","POSITIVE","5"
"Bouveret Suisse","NEUTRAL","2"
"Gèneve, Suisse","NEUTRAL","1"
"Gruyères, Switzerland","POSITIVE","3"
"Neuchâtel,Suisse","NEUTRAL","6"
"geneva, swiss","NEUTRAL","21"
"Lausanne, France, Mauritius","NEUTRAL","2"
"Veysonnaz, Suisse","NEUTRAL","5"
"ju, jo, 99gs, & kian follow—nc","NEUTRAL","4"
"Suisse, Arpitanie","NEUTRAL","20"
"La Chaux-de-Fonds, Neuchâtel","NEUTRAL","42"
"Avenches, Switzerland","NEUTRAL","1"
"United Nations, Geneva, CH","NEUTRAL","2"
"Paris IX","NEUTRAL","1"
"Gossau, Suiza","NEUTRAL","1"
"Cuira","NEUTRAL","1"
"Zürich","POSITIVE","36"
"Lausanne, Suisse","NEUTRAL","766"
"Jura, France","NEUTRAL","23"
"Bruxelles, Genève, Casablanca","POSITIVE","1"
"Pern","NEUTRAL","3"
"Glovelier, Jura, Suisse","NEUTRAL","1"
"Zürich, Badenerstrase 623","NEUTRAL","1"
"Martigny, Suisse","NEUTRAL","11"
"Saint-Prex","NEUTRAL","2"
"Bémont, Neuchâtel Suisse","NEUTRAL","2"
"Ayent","NEUTRAL","1"
"Genève","POSITIVE","141"
"Lausanne, Switzerland","NEUTRAL","854"
"Villars-sur-Glâne, Fribourg","POSITIVE","1"
"Buochs, Nidwalden, Suisse","NEUTRAL","2"
"veve","NEUTRAL","1"
"Italia - Schweiz - România","NEUTRAL","1"
"Neuchâtel, Suisse","NEUTRAL","555"
"Rapperswil","NEUTRAL","8"
"paris 20","NEUTRAL","6"
"St. Gallen, Schweiz","NEUTRAL","1"
"Valais, Switzerland","NEUTRAL","84"
"Le Locle, Neuchâtel","POSITIVE","1"
"Comano, Svizzera","NEUTRAL","3"
"Ascona, Ticino Svizzera","NEUTRAL","1"
"Switzerland, ZH×SG","NEUTRAL","1"
"lausanne","POSITIVE","2"
"La Sarraz","NEUTRAL","5"
"Basel, Switzerland","POSITIVE","11"
"Yverdon-les-Bains, Suisse","NEUTRAL","16"
"Bangkok, Thailand","NEUTRAL","1"
"Avry, Fribourg","NEUTRAL","1"
"Montreux Riviera","NEUTRAL","1"
"Paris France","NEUTRAL","3"
"Broye, Vaud, Suisse","POSITIVE","30"
"Lyss","NEUTRAL","1"
"Bulle, Switzerland","NEUTRAL","15"
"Aarberg, Switzerland","NEUTRAL","1"
"Ins, Schweiz","NEUTRAL","2"
"Jura, Franche-Comté","NEGATIVE","2"
"Geneve, Nice, Lyon","NEUTRAL","4"
"Genève,CH","NEUTRAL","3"
"geneva, switzerland","NEUTRAL","1"
"FR ~ KSA ~ ALG","NEUTRAL","1"
"Tavel, Languedoc-Roussillon","NEUTRAL","1"
"Lausanne, Genève.","NEUTRAL","3"
"Gland, Suisse","NEUTRAL","269"
"davos, switzerland","NEUTRAL","1"
"Châtelard, Limousin","NEUTRAL","6"
"Estavayer-le-Lac, Switzerland","POSITIVE","1"
"NW, England","NEUTRAL","1"
"Allaman, Suisse","NEUTRAL","2"
"Suisse - Londres","NEUTRAL","1"
"Miramas","NEUTRAL","3"
"Onex","NEUTRAL","2"
"France, Switzerland","NEUTRAL","1"
"Delémont","NEUTRAL","53"
"New York","NEUTRAL","2"
"bern","NEUTRAL","4"
"Blonay, Vaud","NEUTRAL","1"
"Winterthur, Switzerland","NEUTRAL","4"
"Aigle, Switzerland","NEUTRAL","3"
"Suiza","NEUTRAL","36"
"Evolène, Suisse","NEUTRAL","4"
"Geneva, CH & Montréal, Canada","NEUTRAL","1"
"Geneve , Suisse","NEUTRAL","1"
"Genève,Suisse;Sciez,France","NEUTRAL","1"
"Geneva.","NEUTRAL","1"
"Suisse, Lausanne","NEUTRAL","185"
"Vevey","NEUTRAL","19"
"Genève, lausanne, Annecy, Gex","NEUTRAL","63"
"Le Châtelard","NEUTRAL","5"
"Geneva, Geneva, Switzerland","NEUTRAL","1"
"Genève, Lausanne, Fribourg,","NEUTRAL","2"
"Suisse/Jura","NEUTRAL","1"
"Minusio, Switzerland","NEUTRAL","1"
"Corgémont, Suisse","NEUTRAL","1"
"GEX France","NEUTRAL","6"
"CH, DE, AT","NEUTRAL","2"
"Zurich, Switzerland","NEUTRAL","239"
"Les Diablerets, Switzerland","NEUTRAL","2"
"St-Laurent en Brionnais (71)","NEUTRAL","15"
"Purpose tour 20sept !!","NEUTRAL","1"
"Ste - Croix","NEUTRAL","6"
"Estavayer-le-lac, Switzerland","NEUTRAL","1"
"Maybe In The Sky?","NEUTRAL","1"
"Roggwil","NEUTRAL","1"
"hard","NEUTRAL","4"
"Bois-d'Amont, Franche-Comté","NEUTRAL","1"
"***Karless","NEUTRAL","2"
"Italia/Lecce","NEUTRAL","1"
"Geneve","POSITIVE","8"
"geneva","NEUTRAL","150"
"Attalens, Suisse","NEUTRAL","1"
"Vicques","NEUTRAL","1"
"ju;dan;gabbie;jeh","NEUTRAL","1"
"Genève-Geneva, Switzerland","POSITIVE","1"
"lausanne, CH","NEUTRAL","2"
"1920 Martigny / VS","NEUTRAL","1"
"Genève - Suisse","NEUTRAL","12"
"Villarepos, Suisse","NEUTRAL","11"
"Suisse, avec @Noctambie","POSITIVE","5"
"Bex, Suisse","NEUTRAL","1"
"Le Grand Genève, Geneva","NEUTRAL","1"
"Bern (Switzerland)","NEUTRAL","1"
"Riddes","NEUTRAL","1"
"genève","NEUTRAL","485"
"Fribourg, Suisse.","NEUTRAL","3"
"Geneve / Kumanov","NEUTRAL","1"
"Milano","NEUTRAL","1"
"Bulle, Suisse","NEUTRAL","1"
"Sion, Suisse","NEUTRAL","87"
"Basel, Basel-Stadt","NEUTRAL","1"
"Schleithal","NEUTRAL","1"
"Chavornay","NEUTRAL","1"
"Fribourg","POSITIVE","13"
"Zuerich","NEUTRAL","1"
"Neuchâtel, Switzerland","NEUTRAL","242"
"Genève, Portugal","NEUTRAL","5"
"Morges, Switzerland","POSITIVE","4"
"Chãtelaine, Vernier, Genève","NEUTRAL","1"
"Lausanne, CH (et Lyon, FR)","NEUTRAL","3"
"Switzerland, USA","NEUTRAL","1"
"CH","POSITIVE","7"
"Paris","NEUTRAL","26"
"Lausanne, suisse","NEUTRAL","1"
"Ollon, Switzerland","NEUTRAL","1"
"jura, paris, lyon, strasbourg","NEUTRAL","4"
"petty island","NEUTRAL","1"
"Suisse,Genève","NEUTRAL","2"
"AG","NEUTRAL","1"
"En Gruyère, Suisse","NEUTRAL","3"
"Ubiquité, France","NEUTRAL","3"
"bethune | cambrai","NEUTRAL","1"
"marine♡","NEUTRAL","1"
"Palais des Nations","NEUTRAL","1"
"Fully, Valais","NEUTRAL","1"
"Villeurbanne / Le Puy en Velay","POSITIVE","1"
"Vouvry, Suisse","NEUTRAL","24"
"Snapchat : Ciccio_Bello","NEUTRAL","10"
"Péry","NEUTRAL","3"
"Biel, Switzerland","POSITIVE","2"
"Lausanne (Suisse) - Lyon","NEUTRAL","17"
"Palma, Illes Balears, Espanya","NEUTRAL","1"
"Bâle","NEUTRAL","6"
"Suisse, Genève","NEUTRAL","24"
"Sion, Switzerland","NEUTRAL","174"
"Verbier, Switzerland","NEUTRAL","4"
"Aigle, Suisse","NEUTRAL","6"
"Faverges France Haute Savoie","NEUTRAL","2"
"Champel, Geneva","NEUTRAL","3"
"Lausanne, Vaud, Switzerland","NEUTRAL","1"
"Saint-Imier","POSITIVE","1"
"Switzerland, Lausanne","POSITIVE","1"
"Neerach","NEUTRAL","1"
"SUISSE -VALAIS- VAL D HERENS","NEUTRAL","1"
"Genève,Suisse/Roussô","NEUTRAL","1"
"Suisse, Vaud","POSITIVE","2"
"Switzerland ; Chloé ❀","NEUTRAL","43"
"Suisse,Neuchâtel","NEUTRAL","20"
"Lancy","NEUTRAL","2"
"Préverenges, Vaud, Suisse","POSITIVE","1"
"Monthey","NEUTRAL","72"
"Suisse","POSITIVE","582"
"ginevra","NEGATIVE","1"
"Bussy-sur-Moudon, Vaud","NEUTRAL","1"
"Grandvaux, Suisse","NEGATIVE","1"
"Villeneuve, Switzerland","NEUTRAL","3"
"Prangins","POSITIVE","1"
"Genève, Suisse Moroccangirl","NEUTRAL","2"
"Barcelona - España","NEUTRAL","1"
"Singapore","NEUTRAL","1"
"Au Paradis Des Diablesses","NEUTRAL","1"
"Geneva | Paris","NEUTRAL","19"
"Genève, tunis","NEUTRAL","37"
"Houston, Texas","NEUTRAL","2"
"Wales and International","POSITIVE","1"
"Murten, Fribourg","NEUTRAL","3"
"Villars-sur-Glâne, Switzerland","NEUTRAL","1"
"Lucerne","NEUTRAL","4"
"Berne","NEUTRAL","63"
"Gorgier, Neuchâtel","NEUTRAL","2"
"GENEVE","NEUTRAL","17"
"Le Locle, Suisse","NEUTRAL","10"
"Graubünden, Switzerland","NEUTRAL","1"
"#Follow The #Leaders - W2L ;)","NEUTRAL","1"
"#Chateauform-Champéry, Suissey","NEUTRAL","1"
"Genève, Bosna","NEUTRAL","7"
"on earth","NEUTRAL","4"
"Russin (Suisse)","NEUTRAL","2"
"ÜT: 48.8478772,2.2626715","POSITIVE","1"
"EPFL, Lausanne, Switzerland","NEUTRAL","4"
"Conte","NEUTRAL","8"
"Svizzera","NEUTRAL","15"
"Lausanne, Suisse − İsviçre","NEUTRAL","16"
"Orges, Vaud","NEUTRAL","1"
"Lille","NEUTRAL","1"
"Seebach, Zürich, Svizzera","NEUTRAL","1"
"Web - Suisse romande","NEUTRAL","1"
"Herrliberg, Switzerland","NEUTRAL","1"
"Suisse, Vaud, Renens","POSITIVE","4"
"Valais, Sion - Switzerland","NEUTRAL","2"
"Worldwide","NEUTRAL","3"
"Laax, Grischun","NEUTRAL","1"
"DTC, Suisse","NEUTRAL","20"
"Gruyères, Switzerland","NEGATIVE","1"
"CH, FR, BE, QC, et monde !","NEUTRAL","1"
"Saint-Malo","NEUTRAL","2"
"Château des Prés, Jura, France","NEUTRAL","1"
"Panama, Bern","NEUTRAL","1"
"Vétroz, Valais, Suisse","NEUTRAL","1"
"vd, Suisse","NEUTRAL","9"
"Nyon, Suisse","POSITIVE","30"
"Genève, Suisse.","NEUTRAL","48"
"Gva","NEUTRAL","53"
"Schaffhausen, Switzerland","POSITIVE","3"
"Valais, Suisse.","NEUTRAL","1"
"Epalinges","NEUTRAL","1"
"haute savoie, genève","NEUTRAL","2"
"Dublin","NEUTRAL","1"
"switzerland","POSITIVE","7"
"kedah-perlis","NEUTRAL","1"
"Santa Lucia di Chizzola (TN)","NEUTRAL","1"
"Gnv","NEUTRAL","1"
"Genève","NEGATIVE","35"
"Jura","NEUTRAL","184"
"Avenue de Rumine 4, Lausanne","NEUTRAL","4"
"Valais Suisse","NEUTRAL","3"
"root","NEUTRAL","2"
"Laufenburg","NEUTRAL","2"
"lausanne","NEGATIVE","2"
"switzerland,,portugal","NEUTRAL","3"
"Estavayer-le-Lac","NEUTRAL","45"
"pll, h50, sh, quantico, uR","NEGATIVE","5"
"Switzerland, Europe","NEUTRAL","2"
"Sion, Valais","POSITIVE","1"
"chavornay","NEUTRAL","2"
"Monthey, Suisse","NEUTRAL","88"
"Everywhere","NEUTRAL","10"
"Geneva City, Switzerland","NEUTRAL","2"
"Sierre, Valais","NEUTRAL","5"
"Renens (VD), Vaud","POSITIVE","1"
"Lyon","NEUTRAL","21"
"Basel, Switzerland","NEGATIVE","1"
"Aargau, Switzerland","NEUTRAL","3"
"Prémanon, Jura, France","NEUTRAL","1"
"Ginevra, Svizzera","NEUTRAL","1"
"London UK / Lausanne CH","NEUTRAL","1"
"Broye, Vaud, Suisse","NEGATIVE","54"
"Genève, Suisse 19eme","NEUTRAL","1"
"Thurgau, Schweiz","NEUTRAL","2"
"Lausanne,Suisse","NEUTRAL","1"
"Montreux","NEUTRAL","29"
"Sydney / Online","NEUTRAL","1"
"Bern, Switzerland","NEUTRAL","41"
"Grand-Rue 5, 1820 Montreux, Switzerland","NEUTRAL","2"
"Ticino, Svizzera","NEUTRAL","2"
"SUISSE","NEUTRAL","25"
"Nyon","POSITIVE","3"
"Lausanne, Suisse.","NEUTRAL","7"
"Payerne, Switzerland","NEUTRAL","1"
"39800 Poligny, Jura, France","NEUTRAL","1"
"Cyberia","POSITIVE","1"
"NW, United Kingdom","NEUTRAL","1"
"Marseille, Provence-Alpes-Côte","NEUTRAL","2"
"GE, Suisse","NEUTRAL","2"
"1012 Lausanne, Switzerland","NEUTRAL","1"
"Genève, Suisse - Lyon, France","NEUTRAL","1"
"Grandson, Suisse","NEUTRAL","1"
"Zürich","NEUTRAL","318"
"Geneva, Switzerland","NEUTRAL","6005"
"ch","NEUTRAL","7"
"Paudex, Suisse","NEUTRAL","3"
"Lucerne, Switzerland","POSITIVE","1"
"Locarno, Switzerland","NEUTRAL","1"
"ｓａｎｔｉａｇｏ ｄｅ ｃｈｉｌｅ","NEUTRAL","1"
"bl","NEUTRAL","6"
"Versoix, Genève","NEUTRAL","6"
"Valais Suisse.","NEUTRAL","3"
"Rouen, Haute-Normandie","NEUTRAL","1"
"Genève, Suisse romande","NEUTRAL","1"
"suisse","POSITIVE","4"
"Suisse, VS","NEUTRAL","11"
"Commugny, Vaud","NEUTRAL","1"
"Nord-Vaudois, Suisse","NEUTRAL","5"
"Ursy, Fribourg","NEUTRAL","1"
"Geneve","NEGATIVE","1"
"Nancy/Genève","NEUTRAL","1"
"Dubai & Travelling the world","NEUTRAL","3"
"bi er","NEUTRAL","1"
"Mathod,Vaud,Suisse","NEUTRAL","64"
"Estavayer-le-lac, Suisse","NEUTRAL","10"
"Genève, PdG & Lyon","NEUTRAL","123"
"Lausanne, Paris & Béziers","NEUTRAL","22"
"qq part","NEUTRAL","1"
"Bramois, Valais","NEUTRAL","8"
"Echallens","NEUTRAL","4"
"Valais/Suisse","NEUTRAL","3"
"Germany","NEUTRAL","1"
"Suisse, avec @Noctambie","NEGATIVE","2"
"Woerden | España","NEUTRAL","1"
"Berne, Suisse","NEUTRAL","34"
"flemme","NEUTRAL","68"
"Suisse, Valais ♡","NEUTRAL","12"
"Lausanne","POSITIVE","44"
"worldwide","NEUTRAL","3"
"Vevey, Suisse","NEUTRAL","3"
"Ju","NEUTRAL","11"
"Switzerland, Valais","POSITIVE","2"
"swiss","NEUTRAL","1"
"La Neuveville, Suisse","NEUTRAL","89"
"Le Lieu, Vaud","NEUTRAL","1"
"Brissago","NEUTRAL","1"
"Martigny, Valais","NEUTRAL","26"
"Delémont, Jura, Suisse, Europe","NEUTRAL","16"
"Geneva, CH","POSITIVE","7"
"suisse, La chaux-de-fonds","NEUTRAL","5"
"Satigny","NEUTRAL","1"
"CH PT","NEUTRAL","11"
"Ecublens","POSITIVE","10"
"Morges","NEUTRAL","3"
"Pxris. Egypt","NEUTRAL","2"
"Lausanne, Vaud","NEGATIVE","1"
"Tannay","NEUTRAL","3"
"Barcelona, España","NEUTRAL","1"
"Annecy / Montpellier","NEUTRAL","2"
"Friburg, Switzerland","NEUTRAL","13"
"Vaud","NEUTRAL","6"
"Champéry","NEUTRAL","1"
"Bienne","NEUTRAL","49"
"Swiss","POSITIVE","3"
"Geneva, Swiss","NEUTRAL","10"
"Lancy, Suisse","NEUTRAL","62"
"Chevilly, Switzerland","NEUTRAL","2"
"Kuwait","NEUTRAL","1"
"Onex, Suisse","NEUTRAL","28"
"Valais, Suisse","NEUTRAL","454"
"Jura, Suisse","NEUTRAL","28"
"Valais, Suisse #250","NEUTRAL","4"
"Canton de Fribourg, Suisse","NEUTRAL","3"
"Pfyn, Thurgau, Switzerland","NEUTRAL","1"
"Romont, Switzerland","POSITIVE","1"
"Basel","NEUTRAL","112"
"Marly","NEUTRAL","78"
"Lucerne, Suisse, Kinshasa,RDC","NEUTRAL","314"
"Sonceboz-Sombeval, Berne","NEUTRAL","20"
"court","NEUTRAL","3"
"Meggen","NEUTRAL","1"
"somewhere","NEUTRAL","2"
"Baden, Switzerland","NEUTRAL","1"
"Lausanne, Strasbourg","POSITIVE","2"
"Suisse","NEGATIVE","111"
"Petite Montagne, Jura","NEUTRAL","3"
"Versoix, Suisse","NEUTRAL","10"
"Zurich , Switzerland","NEUTRAL","1"
"Leysin, Vaud","NEUTRAL","3"
"Suiça VS | Portugal","NEUTRAL","4"
"Carouge (GE), Genève","NEUTRAL","98"
"Aargau, CH / Liguria, I","NEUTRAL","1"
"Saint-Prex, Suisse","NEUTRAL","3"
"Shin Sekai","NEUTRAL","1"
"Bellinzona","NEUTRAL","8"
"Paris, France","NEUTRAL","83"
"Saint-Blaise","NEUTRAL","101"
"gva","NEUTRAL","53"
"17, xypher, intesaberians 1115","NEUTRAL","1"
"Visp","NEUTRAL","3"
"Colombie","NEUTRAL","1"
"Rien","NEUTRAL","1"
"Gipf-Oberfrick","NEUTRAL","1"
"Fournès, France","NEUTRAL","1"
"À la salle","NEUTRAL","4"
"Gingins, Valais, Suisse","POSITIVE","3"
"Suisse & France","NEUTRAL","2"
"Gland, Switzerland","NEUTRAL","2"
"lausanne, suisse","POSITIVE","1"
"VERBIER","NEUTRAL","1"
"From Geneva, Switzerland","POSITIVE","1"
"La Tour-de-Trême","NEUTRAL","1"
"Suisse et France","NEUTRAL","59"
"Genebra","NEUTRAL","1"
"Begnins","NEUTRAL","2"
"Savièse, Valais","POSITIVE","1"
"Bevaix, Neuchâtel","NEUTRAL","5"
"Lausanne, Genève","NEUTRAL","1"
"Martigny, Valais, Suisse","NEUTRAL","3"
"Basle, Basel City","NEUTRAL","3"
"Bussigny (VD), Suisse","NEUTRAL","9"
"Fribourg/Freiburg, Suisse","NEUTRAL","6"
"LAUSANNE","NEUTRAL","8"
"Suisse, Vaud, Renens","NEGATIVE","1"
"Genève, Suisse","NEUTRAL","6217"
"Genève, Suisse 1201","NEUTRAL","13"
"Genève et Lausanne, Suisse","NEUTRAL","165"
"suisse, valais","NEUTRAL","1"
"Thonon-les-Bains, Rhône-Alpes","NEUTRAL","10"
"Nendaz, Valais, Switzerland","NEUTRAL","7"
"Lausanne, compte parodique","NEUTRAL","2"
"Fribourg, Switzerland","POSITIVE","3"
"Zurich, Suisse","NEUTRAL","19"
"Jongny","NEUTRAL","1"
"Luzern, Schweiz","NEUTRAL","1"
"switzerland","NEGATIVE","3"
"Membrilla, Castilla-La Mancha","NEUTRAL","1"
"genf","NEUTRAL","62"
"Sierre","NEUTRAL","36"
"Genève , Suisse","NEUTRAL","19"
"Delémont, Switzerland","NEUTRAL","11"
"Bussigny, Suisse","NEUTRAL","24"
"Switzerland,CH","NEUTRAL","48"
"Vancouver, British Columbia","NEUTRAL","1"
"Geneve, Suisse","NEUTRAL","3"
"Lugano, Ticino, Svizzera","NEUTRAL","1"
"Zurique, Suíça / QDC / SEIXAL","NEUTRAL","1"
"Geneva, Montreal, Lyon","POSITIVE","2"
"Santiago Bernabeú ♥","NEUTRAL","1"
"South Bronx, NY","NEUTRAL","1"
"France & Suisse","NEUTRAL","3"
"JU","NEUTRAL","2"
"Mulhouse, France","NEUTRAL","1"
"Genève/Fribourg/Zurich, Suisse","NEUTRAL","3"
"Sion, Cydonia, Switzerland","NEUTRAL","1"
"Bulle","NEUTRAL","66"
"Basel, Switzerland - East Ldn","NEUTRAL","41"
"Orsières-Champex-Lac-Verbier","NEUTRAL","2"
"Vernier, Schweiz","NEUTRAL","6"
"Moudon","NEUTRAL","1"
"Malmö, Sweden","NEUTRAL","1"
"Aargau, Schweiz","NEUTRAL","1"
"Payerne, Vaud","NEUTRAL","4"
"Near Zurich, Switzerland","NEUTRAL","1"
"Carouge, Suisse","NEUTRAL","3"
"Nyon, Vaud","NEUTRAL","1"
"Leysin, Switzerland","NEUTRAL","5"
"Genève, CFPAA","NEUTRAL","4"
"Langnau, Bern","NEUTRAL","1"
"Pazarcık, Kahramanmaraş","NEUTRAL","8"
"romandie, suisse","NEUTRAL","5"
"NW, London","NEUTRAL","1"
"Geneve Swiss","POSITIVE","1"
"Là où il y a des Vignes","NEUTRAL","1"
"Brooklyn, NY","NEUTRAL","1"
"Fribourg, Suisse","NEUTRAL","503"
"GENèVE","NEUTRAL","8"
"Allschwil, Basel-Land","NEUTRAL","1"
"Neuchâtel, CH","NEUTRAL","7"
"Ginebra, Suiza","NEUTRAL","5"
"Bâle, Suisse","NEUTRAL","7"
"Geneva / Switzerland","NEUTRAL","1"
"Genève, CH / Manchester, UK","NEUTRAL","13"
"Grolley, Fribourg","NEUTRAL","1"
"schweiz, wallis, aletsch arena","NEUTRAL","1"
"Bern","NEUTRAL","132"
"Zurich","NEUTRAL","294"
"Vaud, Switzerland","POSITIVE","4"
"bienne","NEUTRAL","2"
"Nauchâtel, Suisse","NEUTRAL","3"
"Geneva","POSITIVE","67"
"RYAN","NEUTRAL","1"
"Yverdon-les-Bains, Vaud","NEUTRAL","4"
"Pully, canton de Vaud, Suisse","NEUTRAL","3"
"Westminster, CA","NEUTRAL","2"
"lausanne,suisse","NEUTRAL","19"
"Biel, Bern","NEUTRAL","2"
"Genève, Suisse/","NEUTRAL","1"
"Villars-Sur-Ollon","NEUTRAL","1"
"Neuchâtel, Suisse Korriban","POSITIVE","2"
"Switzerland, Yverdon-les-Bains","NEUTRAL","1"
"Hellsau, Schweiz","NEUTRAL","4"
"Belfort, France","NEUTRAL","1"
"yverdon , suisse","NEUTRAL","1"
"Martigny, Switzerland","NEUTRAL","21"
"Suisse, j-23","NEUTRAL","18"
"Bienne, Switzerland","NEUTRAL","4"
"Nendaz, Valais, Suisse","NEUTRAL","4"
"Lausanne, switzerland","NEUTRAL","2"
"WTI, Switzerland","NEUTRAL","2"
"Switzerland, Wallis.","NEUTRAL","2"
"Calabasas, CA","NEUTRAL","1"
"Suisse, Arpitanie","POSITIVE","1"
"Montreux, Suisse","NEUTRAL","6"
"2m2c, Montreux, Suisse","NEUTRAL","4"
"Wisconsin, USA","NEUTRAL","1"
"Suisse, vd","NEGATIVE","1"
"très près de l'assez loin ....","NEUTRAL","7"
"Lausanne - Alger - Berne","NEUTRAL","1"
"Ambérieu-en-Bugey, France","NEUTRAL","5"
"Speicher AR, Schweiz","NEUTRAL","1"
"Lausanne, Suisse","POSITIVE","43"
"Marly, Fribourg","NEUTRAL","3"
"Leytron, Suisse","NEUTRAL","11"
"Luzern, Switzerland","NEUTRAL","2"
"Morges, Lausanne, Switzerland","NEUTRAL","2"
"Bordeaux, France","NEUTRAL","1"
"Châtelaine - Genève","NEUTRAL","1"
"Payerne","NEUTRAL","2"
"Lausanne, Switzerland","POSITIVE","66"
"Oslo & Monaco","NEUTRAL","1"
"Valais, Fully","NEUTRAL","2"
"Chavannes-près-Renens, Suisse","NEUTRAL","4"
"Puidoux, Suisse","NEUTRAL","1"
"jura","NEGATIVE","1"
"Montreux,Suisse","NEUTRAL","20"
"St. Jakob-Park, Basel","NEUTRAL","1"
"Prilly","NEUTRAL","6"
"Brussels - Geneva","NEUTRAL","1"
"Asuncion, Paraguay","NEUTRAL","1"
"Lausanne","NEGATIVE","10"
"Vevey, Vaud","NEUTRAL","35"
"Lausanne, Vaud, Suisse","NEUTRAL","2"
"renens","NEUTRAL","1"
"In Morges, Switzerland","NEUTRAL","43"
"Neuchâtel, Suisse","POSITIVE","8"
"Chalais, Valais","NEUTRAL","2"
"Valais, Switzerland","POSITIVE","2"
"Konoha, Grande Line, Monthey","NEUTRAL","2"
"Tours/Bondy/Lomé/Cotonou","NEUTRAL","1"
"Lausana","NEUTRAL","1"
"Les Diablerets","NEUTRAL","2"
"plan-les-ouates","NEUTRAL","3"
"Lausana, Suíça","NEUTRAL","2"
"Nice, France","NEUTRAL","74"
"suiza","NEUTRAL","2"
"Brooklyn, NYC","NEUTRAL","5"
"Savigny /Suisse","NEUTRAL","2"
"Cluses, France","NEUTRAL","1"
"Prilly, Suisse","NEGATIVE","1"
"Geneva, CH","NEGATIVE","2"
"Ecublens","NEGATIVE","3"
"3800 Interlaken, Switzerland","NEUTRAL","7"
"Lugano, Switzerland","NEUTRAL","1"
"Belfaux, Fribourg","NEUTRAL","1"
"vevey","NEUTRAL","2"
"Gland, Suisse","POSITIVE","10"
"Mulhouse | Bâle |","NEUTRAL","7"
"Lausanne,Switzerland","NEUTRAL","6"
"Switzerland but from Portugal","NEUTRAL","1"
"Suisse - BE","NEUTRAL","2"
"Geneva, New York City","NEUTRAL","1"
"Nyon, Switzerland","NEUTRAL","397"
"Suisse JU","NEUTRAL","10"
"Bogotá, Colombia","NEUTRAL","1"
"Saint Gallen, Switzerland","NEUTRAL","5"
"Breitenbach","NEUTRAL","1"
"Swiss","NEGATIVE","1"
"Suiza","POSITIVE","1"
"Berna","NEUTRAL","3"
"Monthey, Valais","NEUTRAL","44"
"GENEVA","NEUTRAL","24"
"Chexbres, Suisse","NEUTRAL","19"
"Bärn, Bienne","NEUTRAL","1"
"mandeure","NEUTRAL","1"
"Cully","NEUTRAL","1"
"Einsiedeln, Switzerland","NEUTRAL","1"
"Zurich, Mona Vale, Tel Aviv","NEUTRAL","4"
"Suisse, Lausanne","POSITIVE","5"
"Arnhem/Tiel/Eindhoven","NEUTRAL","1"
"Vevey","POSITIVE","2"
"Lugano, Argentina","NEUTRAL","1"
"Bex, switzerland","NEUTRAL","2"
"Zurich, Switzerland","POSITIVE","7"
"Planet Earth","NEUTRAL","1"
"Pully","NEUTRAL","14"
"Grenchen","NEUTRAL","5"
"Berne, Genève","NEUTRAL","1"
"Morez, France","NEUTRAL","1"
"None","NEUTRAL","2082"
"Earth.... for now","NEUTRAL","1"
"Laneuveville devant Nancy","NEUTRAL","1"
"Grenoble, France","NEUTRAL","5"
"Geneva, Switzerland.","NEUTRAL","6"
"Nantes, Pays de la Loire","POSITIVE","1"
"zurich","NEUTRAL","3"
"Châtel-Saint-Denis, Fribourg","NEUTRAL","2"
"Manaus, Amazonas","NEUTRAL","1"
"Bolton, ON","NEUTRAL","2"
"Mystic Falls","NEUTRAL","1"
"Suisse / Martinique","NEUTRAL","26"
"Vaud, Suisse","NEUTRAL","431"
"Genève, Kenya","NEUTRAL","21"
"Prangins, Vaud","NEUTRAL","1"
"Vicques","POSITIVE","1"
"geneva","POSITIVE","6"
"Pully, Suisse","NEUTRAL","3"
"Renens (VD), Suisse","NEUTRAL","4"
"Boncourt, Suisse","NEUTRAL","4"
"Versoix","NEUTRAL","1"
"Kraków","NEUTRAL","1"
"Charmey","NEUTRAL","2"
"In a booth, Switzerland","NEUTRAL","7"
"on the road to serfdom, Suisse","NEUTRAL","4"
"Swiss Alps","NEUTRAL","1"
"CHUV, Lausanne","NEUTRAL","8"
"Cahors","NEUTRAL","3"
"Sadnessland","NEUTRAL","37"
"Geneva, Valais, Ticino","NEUTRAL","3"
"vd","NEUTRAL","13"
"genève","POSITIVE","5"
"Ticino, Cordoba","NEUTRAL","1"
"basel, Switzerland ☀️","NEUTRAL","1"
"Portugal","NEUTRAL","2"
"Sarnen Switzerland","NEUTRAL","1"
"Carouge","NEUTRAL","4"
"Le Sentier, Switzerland","NEUTRAL","3"
"Guaro.","NEUTRAL","1"
"Genève, Suisse, Evian","NEUTRAL","3"
"Sion, Suisse","POSITIVE","1"
"Rhône, Jura, FRANCE","NEUTRAL","3"
"alsace","NEUTRAL","1"
"Berne, Hamburg, Bremen, Munich","NEUTRAL","1"
"Switzerland, Valais, Riddes","NEUTRAL","3"
"Le Mont-sur-Lausanne, Vaud","NEUTRAL","2"
"Savièse,Suisse","NEUTRAL","1"
"Neuchâtel, Switzerland","POSITIVE","2"
"Lausanne-suiza","NEUTRAL","1"
"Geneva, SW","NEUTRAL","3"
"Lausanne, CH (et Lyon, FR)","POSITIVE","1"
"Suisse, VD","NEUTRAL","2"
"Vuarrens","NEUTRAL","1"
"Würfelzucker-City","NEUTRAL","5"
"Seebach","NEUTRAL","3"
"Geneve, CH","NEUTRAL","9"
"Geneva, Paris","NEUTRAL","3"
"Saint-Brieuc, France","NEUTRAL","2"
"Lausanne, EJFJ State","NEUTRAL","74"
"Suisse, Savoie","NEUTRAL","1"
"GL","NEUTRAL","1"
"+965","NEUTRAL","1"
"AbuDhabi❤️","NEUTRAL","1"
"Genève, Suisse | Bahia, Brasil","NEUTRAL","64"
"Zug","NEUTRAL","11"
"Bubikon","POSITIVE","1"
"21 rue de Monthoux, Geneve","NEUTRAL","4"
"MONTHEY","NEUTRAL","4"
"En Gruyère, Suisse","POSITIVE","1"
"Zalakaros, Hungary","NEUTRAL","4"
"Genève Suisse","NEGATIVE","1"
"Suíça","NEUTRAL","10"
"Sierre, Switzerland","NEUTRAL","24"
"Vouvry, Suisse","POSITIVE","2"
"Neuchatte, Suisse","NEUTRAL","6"
"◼️","NEUTRAL","1"
"Schaffhouse, Suisse","NEUTRAL","55"
"Au stade/bar, ou les deux.","NEUTRAL","1"
"Saxon","NEUTRAL","1"
"Valais-Suisse","NEUTRAL","1"
"Seebach, France","NEUTRAL","84"
"Sion, Switzerland","POSITIVE","1"
"CH, GB, TH","NEUTRAL","1"
"Verbier, Switzerland","POSITIVE","1"
"Saas-Fee, CH & Valletta, MT.","NEUTRAL","5"
"Vers-chez-les-Blanc, Lausanne","NEUTRAL","1"
"Troistorrents, Valais, Suisse","NEUTRAL","1"
"Arau, Perlis / Senawang, N9","NEUTRAL","1"
"Fribourg (Suisse)","NEUTRAL","11"
"Suisse,Neuchâtel","POSITIVE","3"
"Zurich Area, Switzerland","NEUTRAL","1"
"Monthey","POSITIVE","4"
"lille","NEUTRAL","1"
"Bulle, Fribourg, Suisse","NEUTRAL","1"
"Orbe","NEUTRAL","2"
"Zollikofen, Switzerland","NEUTRAL","1"
"Rolle","NEUTRAL","2"
"Seeland, Biel, Schweiz","NEUTRAL","1"
"Zentrum, Augsburg","NEUTRAL","2"
"Vaud, Switzerland","NEGATIVE","1"
"Jura , France","NEUTRAL","2"
"Western Switzerland","NEUTRAL","2"
"Fribroug/Genève, Suisse","NEUTRAL","1"
"Paris, Lausanne, Wien","NEUTRAL","1"
"Geneva","NEGATIVE","12"
"Genève, et Paris, TX","NEUTRAL","1"
"Suisse, France cathodique","NEUTRAL","13"
"Rennes, France","NEUTRAL","9"
"AI","NEUTRAL","1"
"Châtel-St-Denis,Switzerland","NEUTRAL","1"
"Vernier, Geneva, Switzerland","NEUTRAL","1"
"Berne","POSITIVE","1"
"Club Atlético y Progreso","NEUTRAL","1"
"Les Enfers, Jura","NEUTRAL","22"
"Fribourg, Switzerland","NEUTRAL","85"
"Conte","POSITIVE","2"
"Neuchâtel, Suisse Korriban","NEGATIVE","2"
"Faoug, Vaud","NEUTRAL","19"
"Veyrier, Genève","NEUTRAL","8"
"Svizzera","POSITIVE","1"
"46.530002,6.621964","NEUTRAL","4"
"Jeddah, Kingdom of Saudi Arabia","NEUTRAL","1"
"Geneva, Montreal, Lyon","NEUTRAL","2"
"Orges, Vaud","POSITIVE","1"
"Sarnen, Switzerland","NEUTRAL","1"
"Hotel Ascona, Ascona","NEUTRAL","1"
"Zollikofen","NEUTRAL","1"
"Dubuque, IA","NEUTRAL","1"
"Bulle, Fribourg","NEUTRAL","2"
"Suisse, Valais","NEUTRAL","90"
"Sattel, Schweiz","NEUTRAL","1"
"Wahlern, Bern","NEUTRAL","3"
"Gva","POSITIVE","1"
"everywhere","NEUTRAL","1"
"Switzerland","NEUTRAL","13387"
"Switzerland, Muraz (Collombey)","NEUTRAL","4"
"Le Châtelard, Rhône-Alpes","NEUTRAL","1"
"@coldplay 110616, Zurigo","NEUTRAL","1"
"Lausanne, Suisse","NEGATIVE","1"
"Winterthur","NEUTRAL","10"
"Yverdon-les-Bains","NEUTRAL","21"
"Jura","POSITIVE","16"
"Geneva, Beirut, Sana'a","NEUTRAL","3"
"Lausanne, Switzerland","NEGATIVE","1"
"Besançon","NEUTRAL","1"
"zurich|berlin|milano|paris","NEUTRAL","2"
"Basel. Switzerland","NEUTRAL","1"
"lolo.","NEUTRAL","1"
"Giubiasco","NEUTRAL","1"
"Fontainemelon","NEUTRAL","1"
"Zug, Switzerland","NEUTRAL","11"
"Neuchâtel, Suisse","NEGATIVE","4"
"Cressier/NE,Switzerland","NEUTRAL","6"
"Liverpool, England","NEUTRAL","1"
"Bern 72, Switzerland","NEUTRAL","3"
"Pfäffikon, SZ","NEUTRAL","1"
"conthey, valais, suisse","NEUTRAL","24"
"Meyrin, Genève","NEUTRAL","99"
"London","NEUTRAL","1"
"uptown, downtown, switzerland","NEUTRAL","1"
"lausanne, ch","NEUTRAL","1"
"Thurgau, Schweiz","POSITIVE","1"
"Geneva, switzerland","NEUTRAL","18"
"Lausanne, Savièse, Suisse","NEUTRAL","1"
"Delémont, Jura","NEUTRAL","3"
"Neuchâtel","POSITIVE","3"
"Suisse, France","NEUTRAL","110"
"SH","NEUTRAL","1"
"#Bruxelles","NEUTRAL","1"
"switzerland / hogwarts","NEUTRAL","3"
"Lausanne Suisse","NEUTRAL","2"
"Valais","NEUTRAL","89"
"neuchâtel, CH","NEUTRAL","10"
"Ode Billard","NEUTRAL","2"
"boncourt","NEUTRAL","1"
"Villadossola-Milano","NEUTRAL","1"
"Val-de-Travers, Neuchâtel, Suisse","NEUTRAL","3"
"Ibach, Switzerland","NEUTRAL","1"
"18 Student","NEUTRAL","1"
"Morges, Suisse","NEUTRAL","41"
"Suisse, Switzerland","NEUTRAL","45"
"Cheseaux-sur-Lausanne, Suisse","NEUTRAL","1"
"Lake District, UK","NEUTRAL","2"
"Gonten","NEUTRAL","1"
"Montreux, Suisse.","NEUTRAL","2"
"47.111425,6.830974","NEUTRAL","6"
"Praha, Česká republika","NEUTRAL","1"
"Villeneuve (VD), Vaud","NEUTRAL","44"
"Nord Vaudois, Suisse","NEUTRAL","2"
"Onex, Genève","NEUTRAL","2"
"Geneva, Switzerland","POSITIVE","79"
"Nw","NEUTRAL","22"
"Berne, Switzerland","NEUTRAL","19"
"Ascona","NEUTRAL","1"
"Suisse, Lausanne","NEGATIVE","3"
"Confignon","NEUTRAL","1"
"ch","POSITIVE","1"
"Genève/Suisse","NEUTRAL","1"
"Alsace, France","POSITIVE","1"
"Genève / Geneva, CH","NEUTRAL","1"
"JémLéCòchòns","NEUTRAL","66"
"UK","NEUTRAL","2"
"Ginebra","NEUTRAL","1"
"Biel","NEUTRAL","2"
"Apples, Suisse","NEUTRAL","40"
"Jura, Switzerland","NEUTRAL","33"
"Châtel-St-Denis, Suisse","NEUTRAL","16"
"France","NEUTRAL","7"
"Vernier, Suisse","NEUTRAL","2"
"237 Route des Fayards, Versoix","NEUTRAL","1"
"Avenue de la Gare 47, Martigny","NEUTRAL","1"
"Lausanne, Bamako, Abidjan, etc","NEUTRAL","1"
"Yverdon/Vaud/Suisse","NEUTRAL","1"
"Exilé Franco-Israélo-Russe","NEUTRAL","7"
"Nord-Vaudois, Suisse","POSITIVE","1"
"fribourg","NEUTRAL","129"
"Riaz","NEUTRAL","16"
"Lutry","NEUTRAL","92"
"Fully","NEUTRAL","5"
"Bonfol, Jura","NEUTRAL","1"
"Wollerau, Schweiz","NEUTRAL","1"
"geneva","NEGATIVE","1"
"Arth","NEUTRAL","1"
"Jura, Franche-Comté","NEUTRAL","489"
"Mathod,Vaud,Suisse","POSITIVE","2"
"Switzerland, Chill","NEUTRAL","15"
"Genève, PdG & Lyon","POSITIVE","11"
"Genève, Lausanne","NEUTRAL","9"
"Engelberg, Obwalden","NEUTRAL","10"
"Grimentz, VS, Suisse","POSITIVE","1"
"Lake District","NEUTRAL","1"
"Lausanne ⇋ Bern, Switzerland","NEUTRAL","1"
"Omaha, NE","NEUTRAL","1"
"schweiz","NEUTRAL","1"
"Zurigo","NEUTRAL","4"
"Tägerwilen, Thurgau","NEUTRAL","15"
"Mendrisio","NEUTRAL","5"
"Switzerland, France, Italia","NEUTRAL","4"
"Berne, Suisse","POSITIVE","8"
"flemme","POSITIVE","2"
"genève","NEGATIVE","3"
"Val-de-Travers, Switzerland","NEUTRAL","1"
"East Sheen, London","NEUTRAL","2"
"Sainte-Croix, 1450, Suisse","NEUTRAL","2"
"Monte, Corse","NEUTRAL","42"
"Yverdon-les-bains, Switzerland","NEUTRAL","16"
"Genève, Suisse☁️","NEUTRAL","1"
"Spiez","NEUTRAL","2"
"Genève, Lyon, Paris, St-Tropez","NEUTRAL","1"
"Lugano","NEUTRAL","75"
"Mexico City","NEUTRAL","1"
"Suisse, valais","NEUTRAL","1"
"Lausanne, Vaud","POSITIVE","3"
"Delémont, Jura, Suisse, Europe","POSITIVE","5"
"Vex, Suisse","NEUTRAL","7"
"23 Avenue de France, Genève","NEUTRAL","1"
"بريده تألقي","NEUTRAL","1"
"Genf","NEUTRAL","54"
"Ittigen","NEUTRAL","1"
"La Chaux-de-Fonds, Switzerland","NEUTRAL","60"
"Zurich, Paris et Challement","NEUTRAL","10"
"montreal","NEUTRAL","1"
"nfla // clem","NEUTRAL","2"
"Geneva, Palexpo, Switzerland","NEUTRAL","1"
"Nootdorp, ZH, Nederland","NEUTRAL","1"
"Aubonne, Switzerland","NEUTRAL","6"
".fr, .be, .ch, .eu | Lausanne","NEUTRAL","3"
"Lisboa, Tomar - Gnv","NEUTRAL","5"
"Carouge, Genève","NEUTRAL","20"
"Valais, Suisse","POSITIVE","3"
"Sion, Switzerland","NEGATIVE","3"
"Genève, Onex","NEUTRAL","11"
"Caux-sur-Montreux, Switzerland","NEUTRAL","6"
"GRENOBLE","NEUTRAL","2"
"Biel/Bienne, Suisse","NEUTRAL","1"
"Where?","NEUTRAL","1"
"london","NEUTRAL","1"
"Orbe, Suisse","NEUTRAL","1"
"Genève, Suisse - Baghdad, Iraq","NEUTRAL","3"
"geneve-suisse","NEUTRAL","1"
"zürich","NEUTRAL","1"
"Le Locle","NEUTRAL","4"
"JURA","NEUTRAL","29"
"Zurich , Switzerland","POSITIVE","1"
"friburgo","NEUTRAL","1"
"Switzerland, Morges","NEUTRAL","3"
"Genève, Ville","NEUTRAL","1"
"Martigny","NEUTRAL","37"
"sh ; hsk ; yng ; tzuyu's","NEUTRAL","3"
"Zug, Schweiz","NEUTRAL","2"
"Verbier, Suisse","NEUTRAL","1"
"Thônex, Genève","NEUTRAL","29"
"Vevey, Switzerland","NEUTRAL","16"
"Nendaz, Valais","NEUTRAL","8"
"Bellach, Switzerland","NEUTRAL","1"
"Lyon, Rhône-Alpes","NEUTRAL","2"
"Lake District, Cumbria.","NEUTRAL","1"
"La Brévine, Switzerland","NEUTRAL","1"
"gva","POSITIVE","1"
"Steffisburg","NEUTRAL","1"
"between Geneva and Mexico","NEUTRAL","5"
"ryan","NEUTRAL","1"
"Somewhere in the Swiss Alps","NEUTRAL","1"
"Suisse, Genève, 1207","NEUTRAL","1"
"Valais, Suisse / Porto","NEUTRAL","26"
"Fribourg, CH","NEUTRAL","14"
"Rapperswil-Jona, Schweiz","NEUTRAL","1"
"Chêne-Bougeries","NEUTRAL","1"
"★ EARTH PLANET ★","NEUTRAL","1"
"La Tour-de-Peilz, Vaud","NEUTRAL","3"
"Genève,Suisse","NEUTRAL","13"
"EST.A, SwitzerLand","NEUTRAL","7"
"Hoboken, NJ","NEUTRAL","2"
"Zürich, Бeoгpaд, Italia.","NEUTRAL","2"
"Langenthal","NEUTRAL","1"
"Le Landeron, Suisse","NEUTRAL","1"
"Renens","POSITIVE","2"
"Jura, France.","NEUTRAL","45"
"france","NEUTRAL","4"
"Genève / Suisse","NEUTRAL","2"
"Genève, Lyon, Paris","NEUTRAL","21"
"Lutèce, ville nouvelle, France","NEUTRAL","3"
"jura,france","NEUTRAL","1"
"Neuchâtel-Suisse","NEUTRAL","23"
"Genève, Suisse","POSITIVE","77"
"bulle","NEUTRAL","4"
"Porrentruy, Jura","NEUTRAL","4"
"Champéry, Valais","NEUTRAL","4"
"Schweiz","NEUTRAL","226"
"La Tour-de-Peilz, Switzerland","NEUTRAL","14"
"skype ARLEQUIN1515","NEUTRAL","19"
"Aigle, Suisse 23 ans","NEUTRAL","1"
"Villarzel, Suisse","NEUTRAL","38"
"Metz, France","NEUTRAL","1"
"Fribourg, CH | Istanbul, TR","NEUTRAL","3"
"dübendorf","NEUTRAL","1"
"Porto/Celorico de Basto","NEUTRAL","1"
"ginevra","NEUTRAL","29"
"Illarsaz","NEUTRAL","1"
"Sierre","POSITIVE","11"
"Switzerland, VS","NEUTRAL","7"
"Gebiet ohne Netzabdeckung, SH","NEUTRAL","2"
"Grandvaux, Suisse","NEUTRAL","31"
"Genève , Suisse","POSITIVE","9"
"suisse, pornstar land","NEUTRAL","2"
"Genève,- Rdc, Angola","NEUTRAL","2"
"Jura","NEGATIVE","1"
"Bolivia","NEUTRAL","1"
"ka, ge, ch, md, cc, sn","NEUTRAL","143"
"Suisse, vs","NEUTRAL","1"
"Yverdon-les-Bains, CH","NEUTRAL","2"
"Nantes","NEUTRAL","2"
"Paris, la France","NEUTRAL","2"
"GE, Switzerland","NEUTRAL","1"
"besançon,France","NEUTRAL","2"
"Genève / Paris","NEUTRAL","9"
"Bulle","POSITIVE","2"
"Montreux, Vaud","NEUTRAL","15"
"Daillens, Vaud","NEUTRAL","5"
"Chexbres, Vaud","NEUTRAL","1"
"Carouge, Suisse","POSITIVE","1"
"Suisse- Genève","NEUTRAL","2"
"Satigny, Genève","NEUTRAL","1"
"Bex, Vaud","NEUTRAL","3"
"Helvetia","NEUTRAL","3"
"Lucerne, Suisse","NEUTRAL","400"
"Fribourg, Suisse","POSITIVE","13"
"Conthey, Valais","NEUTRAL","9"
"Montreux - Villeneuve","NEUTRAL","1"
"London -Paris - Ouaga","NEUTRAL","1"
"Genève, CH / Manchester, UK","POSITIVE","1"
"en Gruyère, Fribourg, Suisse","POSITIVE","1"
"Grolley, Fribourg","POSITIVE","1"
"lausanne, Switzerland","NEUTRAL","1"
"Puplinge, Suisse","NEUTRAL","1"
"Lausanne / Suisse","NEUTRAL","1"
"Zurich","POSITIVE","77"
"Gruyères, Switzerland","NEUTRAL","33"
"Genève, CH","NEUTRAL","7"
"46.314741,6.86896","NEUTRAL","2"
"London, England","NEUTRAL","1"
"Switzerland, Suisse","NEUTRAL","1"
"saez,desperate,sh,fauve,oitnb","NEUTRAL","7"
"Zürich, Switzerland","NEUTRAL","43"
"Bern-Berner Oberland, Schweiz","NEUTRAL","1"
"St-Imier, Suisse","NEUTRAL","2"
"Thun, Switzerland","NEUTRAL","1"
"Magnot","NEUTRAL","1"
"Emmental, Switzerland","POSITIVE","1"
"Dübendorf, Switzerland","NEUTRAL","1"
"Chicago","NEUTRAL","1"
"Geneva, Switzerland","NEGATIVE","16"
"ÜT: 48.872584,2.367497","NEUTRAL","1"
"Basel City, Switzerland","NEUTRAL","1"
"lausanne,suisse","POSITIVE","2"
"Suisse,Switzerland","NEUTRAL","1"
"Saint-Nabord, France","NEUTRAL","1"
"Vétroz,Suisse","NEUTRAL","1"
"Bruxelles, Genève, Casablanca","NEUTRAL","1"
"Suresnes, France","NEUTRAL","1"
"Genève","NEUTRAL","9341"
"Villars-sur-Glâne, Fribourg","NEUTRAL","16"
"genebra","NEUTRAL","5"
"Arosa","NEUTRAL","1"
"Basel, CH","NEUTRAL","1"
"Berna, Svizzera","NEUTRAL","1"
"Bienne, Switzerland","POSITIVE","1"
"Stylingandediting HQ","NEUTRAL","2"
"Geneva,Switzerland","NEUTRAL","117"
"lausanne","NEUTRAL","108"
"pll, h50, sh, quantico, uR","NEUTRAL","261"
"Bernex, Gnv","NEUTRAL","6"
"Le Locle, Neuchâtel","NEUTRAL","67"
"Montreux, Switzerland","NEUTRAL","7"
"Olten, Switzerland","NEUTRAL","2"
"Capriasca, Ticino","NEUTRAL","1"
"Berne, Bienne","NEUTRAL","1"
"Basel, Switzerland","NEUTRAL","128"
"Thônex, Suisse","NEUTRAL","5"
"53 route de Suisse-1295 Mies","NEUTRAL","13"
"Plan-les-Ouates","NEUTRAL","5"
"2m2c, Montreux, Suisse","POSITIVE","3"
"Suisse, Jura","NEUTRAL","2"
"lugano, 19.","NEUTRAL","1"
"Neuchâtel","NEUTRAL","219"
"Broye, Vaud, Suisse","NEUTRAL","432"
"SWITZERLAND","NEUTRAL","22"
"Saxon, Suisse","NEUTRAL","5"
"46.801236,7.146669","NEUTRAL","2"
"Turicum","NEUTRAL","1"
"11, ch. Delay, 1214 Vernier","NEUTRAL","1"
"Porrentruy, JU","NEUTRAL","1"
"Leytron, Suisse","POSITIVE","1"
"Vila Nova de Cerveira/Portugal","NEUTRAL","1"
"Estavayer-le-Lac, Switzerland","NEUTRAL","77"
"SIERRE","NEUTRAL","1"
"BE, CA, FR, CH","NEUTRAL","6"
"Monte,Culebra y Azfalto ~o~","NEUTRAL","1"
"Vevey, Vaud","POSITIVE","1"
"St Louis, MO","NEUTRAL","1"
"Langenthal, Schweiz","NEUTRAL","1"
"94","NEUTRAL","4"
"Genève, Paris","NEUTRAL","14"
"Dans la déchettrie, Suisse","NEUTRAL","26"
"ag, lp, jb and lj","NEUTRAL","2"
"Les Diablerets","POSITIVE","1"
"Charmilles","NEUTRAL","2"
"GVA","NEUTRAL","157"
"London,UK","NEUTRAL","12"
"vevey,switzerland","NEUTRAL","4"
"Leysin","NEUTRAL","4"
"Strasbourg⛅","NEUTRAL","1"
"Thyez, Rhône-Alpes","NEUTRAL","1"
"Yverdon, Ferizaj","NEUTRAL","1"
"Swizerland, Zurich","NEUTRAL","2"
"Savièse","NEUTRAL","2"
"Lucerna, Suiza","NEUTRAL","1"
"Genève (CH) - Ferizaj (KS)","NEUTRAL","12"
"Suisse (Valais, Sierre)","NEUTRAL","1"
"GNV","NEUTRAL","8"
"Savagnier, Neuchâtel","POSITIVE","2"
"Vionnaz, Suisse","NEUTRAL","2"
"Lugano, Switzerland","POSITIVE","3"
"Gimel, Switzerland","NEUTRAL","3"
"Basilea, Suiza.","NEUTRAL","1"
"Switzerland & International","NEUTRAL","1"
"sitting on my ass, Switzerland","NEUTRAL","1"
"ig : jbmamadou.","NEUTRAL","15"
"Morges, Vaud, Switzerland","NEUTRAL","3"
"Nyon, Switzerland","POSITIVE","8"
"Genève, Kosovo","NEUTRAL","7"
"福岡 On ThE RoCkS!","NEUTRAL","2"
"Fribourg, Bulle, Domdidier","NEUTRAL","2"
"Zürich, Suisse","NEUTRAL","2"
"Lausanne - CH","NEUTRAL","1"
"Geneve","NEUTRAL","274"
"ag,","NEUTRAL","7"
"Châtelard","NEUTRAL","4"
"Genève, Lecce","NEUTRAL","7"
"Genève-Geneva, Switzerland","NEUTRAL","3"
"GENEVA","POSITIVE","2"
"Basel Switzerland","NEUTRAL","2"
"Bärn, Bienne","POSITIVE","1"
"Genève , Paris","NEUTRAL","2"
"Gland, Prépuce sur Seine","NEUTRAL","2"
"Italy","NEUTRAL","1"
"grande line","NEUTRAL","5"
"Biel-Bienne, Switzerland","NEUTRAL","1"
"Sur une ile déserte","NEUTRAL","1"
"Froideville","NEUTRAL","2"
"Suisse, avec @Noctambie","NEUTRAL","68"
"Eysins, Suisse","NEUTRAL","18"
"Rennes","NEUTRAL","2"
"Montréal","NEUTRAL","1"
"Bellmund b. Biel/Bienne","NEUTRAL","1"
"Biel/Bienne","NEUTRAL","14"
"Muhen, Switzerland","NEUTRAL","34"
"Le Mont-Pèlerin, Switzerland","NEUTRAL","24"
"Bullet,Suisse.","NEUTRAL","130"
"Belmont, Switzerland","NEUTRAL","1"
"CH-1874 Champéry","NEUTRAL","2"
"Genève, Porto","NEUTRAL","9"
"ju","NEUTRAL","187"
"zurich","POSITIVE","1"
"None","POSITIVE","19"
"NYON, Switzerland","NEUTRAL","2"
"6 rue des Jeûneurs 75002 Paris","NEUTRAL","2"
"Corminboeuf","NEUTRAL","1"
"Conthey","NEUTRAL","5"
"Fribourg","NEUTRAL","349"
"Morges, Switzerland","NEUTRAL","30"
"Vaud, Suisse","POSITIVE","9"
"Borex, VD","NEUTRAL","3"
"gva","NEGATIVE","1"
"Geneva, San Diego, Copenhagen","NEUTRAL","1"
"Waterloo, Belgium","NEUTRAL","6"
"Locarno, Ticino","NEUTRAL","1"
"Paris, France","NEGATIVE","2"
"CH","NEUTRAL","161"
"Lausanne, Vaud","NEUTRAL","413"
"VS","NEUTRAL","54"
"Lausanne - Suisse, Switzerland","NEUTRAL","19"
"Los Angeles","NEUTRAL","1"
"Confignon, Genève","NEUTRAL","3"
"In a booth, Switzerland","POSITIVE","1"
"Suisse , Los Santos City","NEUTRAL","28"
"Ur","NEUTRAL","1"
"on the road to serfdom, Suisse","POSITIVE","1"
"suisse,paris","NEUTRAL","1"
"Ehrendingen","NEUTRAL","1"
"payerne","NEUTRAL","4"
"Lutry, Suisse","NEUTRAL","2"
"fribourg, suisse","NEUTRAL","1"
"Muttenz, Schweiz","NEUTRAL","2"
"Muscat, Oman","NEUTRAL","1"
"Villeurbanne / Le Puy en Velay","NEUTRAL","2"
"Biel, Switzerland","NEUTRAL","16"
"Quartiers Nord, Genève","NEUTRAL","24"
"Froideville, Vaud","NEUTRAL","4"
"Genève, Suisse - Italie","NEUTRAL","3"
"Vallorbe, Vaud","NEUTRAL","2"
"Peseux, Neuchâtel","NEUTRAL","1"
"Saint-Maurice","NEUTRAL","4"
"seebach city","NEUTRAL","27"
"Genève, Suisse","NEGATIVE","19"
"Suisse, Vaud","NEUTRAL","27"
"Chamoson","NEUTRAL","31"
"Switzerland, Lausanne","NEUTRAL","22"
"internet, Switzerland","NEUTRAL","2"
"Saint-Imier","NEUTRAL","5"
"Bussigny, Switzerland","NEUTRAL","6"
"Bienne, Suisse","NEUTRAL","57"
"Domdidier, Suisse","NEUTRAL","7"
"Préverenges, Vaud, Suisse","NEUTRAL","11"
"Switzerland, Itingen","NEUTRAL","1"
"Shkoder-Albanie","NEUTRAL","1"
"Viseu / Genève","NEUTRAL","3"
"Suisse","NEUTRAL","21335"
"Chatel-St-Denis, Switzerland","NEUTRAL","2"
"AG , organisation privée","NEUTRAL","36"
"Prangins","NEUTRAL","13"
"Lutry, Vaud","NEUTRAL","4"
"Suisse, Bulle","NEUTRAL","5"
"Genève, Paris, Nantes","NEUTRAL","2"
"كويت-UK ❤️","NEUTRAL","1"
"Ardon, Valais","NEUTRAL","1"
"genf","NEGATIVE","1"
"egg","NEUTRAL","14"
"Champéry, Switzerland","NEUTRAL","12"
"Soleure, Suisse","NEUTRAL","12"
"Oron-la-Ville","NEUTRAL","2"
"Sierre, Switzerland","POSITIVE","1"
"Fontainemelon, Neuchâtel","NEUTRAL","2"
"Epalinges, Vaud, Suisse","NEUTRAL","1"
"Lausanne, Swizerland","NEUTRAL","4"
"Greater Boston Area","NEUTRAL","1"
"Saint-Louis, France","NEUTRAL","8"
"Arouca","NEUTRAL","1"
"Paris, Ile-de-France","NEUTRAL","4"
"lake district","NEUTRAL","1"
"Ferreyres, Suisse","NEUTRAL","2"
"Sion, Valais, suisse","NEUTRAL","2"
"Suisse, Dugny","NEUTRAL","3"
"Zürich, Schweiz (still german)","NEUTRAL","1"
"Dornach","NEUTRAL","4"
"ÜT: 48.8478772,2.2626715","NEUTRAL","1"
"Les Sables-d'Olonne","NEUTRAL","1"
"Europe","NEUTRAL","1"
"Fribourg, Suisse","NEGATIVE","8"
"Bern, Schweiz","NEUTRAL","15"
"Nantes et Nîmes","NEUTRAL","14"
"GVA zone","NEUTRAL","12"
"Tentlingen/Switzerland","NEUTRAL","1"
"curieuse dynamique geek Suisse","NEUTRAL","1"
"lille / suisse","NEUTRAL","2"
"Suisse, Vaud, Renens","NEUTRAL","68"
"Paris, Lausanne, Wien","POSITIVE","1"
"Le canton où il y a plus de saoulons que de maisons","NEUTRAL","7"
"Suiza, Lausanne","NEUTRAL","10"
"Bergerac","NEUTRAL","1"
"Lausanne - Switzerland","NEUTRAL","1"
"Gland, France","NEUTRAL","2"
"geneve","NEUTRAL","147"
"Nyon, Suisse","NEUTRAL","73"
"TICINO","NEUTRAL","2"
"Schaffhausen, Switzerland","NEUTRAL","6"
"Bagnes","NEUTRAL","7"
"Montana, Suisse","NEUTRAL","3"
"Geneva, Baghdad, Monastir","NEUTRAL","6"
"Nax, Valais, Switzerland","NEUTRAL","1"
"FR","NEUTRAL","1"
"switzerland","NEUTRAL","636"
"Bern, Berne","NEUTRAL","12"
"Lancy, Genève","NEUTRAL","14"
"PromoMusik,Ch","NEUTRAL","1"
"Chermignon, Switzerland","NEUTRAL","4"
"Suisse Neuchâtel","NEUTRAL","3"
"jb,ag,jano,lm","NEUTRAL","1"
"Canada","NEUTRAL","9"
"Genève, Plan-les-Ouates","NEUTRAL","50"
"Biel/bienne","NEUTRAL","3"
"finance academia, switzerland","POSITIVE","2"
"Faoug, Vaud","POSITIVE","2"
"MK.","NEUTRAL","7"
"Orsières, Valais","NEUTRAL","1"
"Morges, CH","NEUTRAL","8"
"Attalens","NEUTRAL","1"
"Sion, Valais","NEUTRAL","51"
"würenlos","NEUTRAL","12"
"Geneva-Zurich, Switzerland","NEUTRAL","6"
"Malaysia","NEUTRAL","3"
"Tolochenaz, Vaud","NEUTRAL","1"
