"Luzern","NEUTRAL","304"
"Sattel, Schweiz","POSITIVE","20"
"Chur (Switzerland)","NEUTRAL","1"
"Thalwil / Zurich, Switzerland","NEUTRAL","6"
"Aarau.","NEUTRAL","1"
"Urdorf, Zürich, Schweiz","POSITIVE","1"
"Switzerland","POSITIVE","331"
"Obergösgen","NEUTRAL","1"
"Eschenz, Schweiz","NEUTRAL","5"
"Luzern / Emmenbrücke","NEUTRAL","1"
"schweiz/zh - schalkermarkt","NEUTRAL","1"
"Southern California U.S.A.","NEUTRAL","1"
"Walenstadt","NEUTRAL","6"
"Zuerich, CH","NEUTRAL","1"
"Pratteln, Schweiz","POSITIVE","2"
"Unterägeri, Schweiz","NEUTRAL","1"
"Winterthur","POSITIVE","12"
"Jona SG","NEUTRAL","14"
"Greifensee, Switzerland","NEUTRAL","2"
"Grindelwald | Switzerland","NEUTRAL","1"
"rüthi","NEUTRAL","1"
"Schweiz, Suisse, Switzerland","POSITIVE","1"
"Ber(li)n, Switzerland","NEUTRAL","1"
"Sursee","POSITIVE","1"
"Bern 72, Switzerland","POSITIVE","5"
"Gruet (Gossau ZH), Switzerland","NEUTRAL","2"
"winterthur, ch","NEUTRAL","1"
"Zug, Switzerland","POSITIVE","1"
"Baden","NEUTRAL","256"
"Saanen","NEUTRAL","4"
"Seegräben","NEUTRAL","1"
"SWITZERLAND, zurich","NEUTRAL","2"
"Freienbach, Schweiz","NEUTRAL","1"
"Meilen","NEUTRAL","1"
"Zürich, Basel","POSITIVE","1"
"Horw","NEUTRAL","1"
"Lucerne, Switzerland","NEUTRAL","514"
"Gstaad, Switzerland","NEUTRAL","1"
"Safenwil","NEUTRAL","3"
"Baden, Aargau","NEUTRAL","4"
"Uerikon","NEUTRAL","1"
"Oftringen, Switzerland","NEUTRAL","1"
"Münchenstein","NEUTRAL","4"
"Münchwilen (TG), Schweiz","NEUTRAL","1"
"Luzern, Zürich","NEUTRAL","1"
"Schweiz, Aargau","POSITIVE","19"
"Wetzikon ZH, Switzerland","NEUTRAL","1"
"sleep: basel | work: zürich |","NEUTRAL","4"
"Bern, Fribourg, Lausanne","NEUTRAL","8"
"Erlinsbach SO, Switzerland","NEUTRAL","3"
"Bern, 20 Meter ü. Aare","POSITIVE","2"
"Bern, Weinfelden","NEUTRAL","2"
"Malans, Zürich, Alvaneu Dorf","NEUTRAL","2"
"Weiningen ZH","NEUTRAL","1"
"suisse","NEUTRAL","2"
"Zug & Zürich, Switzerland","NEUTRAL","1"
"Switzerland, Aargau","NEUTRAL","2"
"Sachseln, Switzerland","NEUTRAL","1"
"Greifensee, Schweiz","NEUTRAL","1"
"Waldenburg","NEUTRAL","13"
"Chur, Graubünden","NEUTRAL","9"
"Berikon, Schweiz","NEUTRAL","3"
"Zofingen, Switzerland","NEUTRAL","12"
"St.Gallen, CH","POSITIVE","3"
"Winterthur, Zürich, Wädenswil","NEUTRAL","3"
"Trabzon, İsviçre","NEUTRAL","7"
"South East, England","NEUTRAL","1"
"Zurich, Swizerland","NEUTRAL","1"
"Brienz","NEUTRAL","128"
"Frauenfeld","NEUTRAL","67"
"Willisau","NEUTRAL","2"
"Bennwil, Switzerland","NEUTRAL","1"
"Berne, Switzerland","POSITIVE","18"
"Rome - Rieti","NEUTRAL","1"
"Zurich, Berne","POSITIVE","5"
"Frick, Aargau, Switzerland","NEUTRAL","1"
"スイス","NEUTRAL","1"
"Termen, Wallis /Zwitserland","NEUTRAL","1"
"Val Terbi, Switzerland","POSITIVE","1"
"Luzern, Alpnach, Sarnen","POSITIVE","2"
"Zürich, Schweiz, Multikultopia","NEUTRAL","5"
"Team Rocket HQ","NEUTRAL","1"
"Borlänge","NEUTRAL","1"
"Berlin/Zürich","NEUTRAL","1"
"Lausanne","NEUTRAL","38"
"Schweiz, Wallisellen","NEUTRAL","3"
"Switzerland, Valais","NEUTRAL","12"
"Villigen, Schweiz","NEUTRAL","1"
"spiez","NEUTRAL","4"
"None","NEGATIVE","2"
"Social Media : @FawwazAlenezi","NEUTRAL","2"
"Bollwerk, Bern","NEUTRAL","1"
"Hünenberg, Switzerland","NEUTRAL","10"
"Coimbra","NEUTRAL","1"
"Bern, Luzern - Welt","NEUTRAL","6"
"Cunter, Svizra","NEUTRAL","1"
"Halifax/Manchester","NEUTRAL","1"
"Zernez","NEUTRAL","10"
"Sankt Gallen, Sankt Gallen","POSITIVE","2"
"Lausen","NEUTRAL","2"
"Wil, Schweiz","NEUTRAL","15"
"sursee, kanton luzern, schweiz","POSITIVE","4"
"Allschwil","NEUTRAL","2"
"Geneva, CH","NEUTRAL","2"
"Schwyz, Schweiz","NEUTRAL","2"
"Wädenswil, Switzerland","NEUTRAL","1"
"Buchs","NEUTRAL","1"
"Basel/Zürich","NEUTRAL","1"
"Fällanden","NEUTRAL","1"
"Saudi Arabia","NEUTRAL","1"
"zurich, switzerland","NEUTRAL","11"
"bern, Switzerland","NEUTRAL","13"
"Switzerland - 35000 ft - Hong Kong","POSITIVE","4"
"Swiss","NEUTRAL","282"
"Basel-Country, Switzerland","NEUTRAL","25"
"Disentis, Graubünden, Schweiz","NEUTRAL","3"
"Basel, Helvetia","NEUTRAL","2"
"luzern","NEUTRAL","14"
"Earth","NEUTRAL","21"
"Regensdorf, Zürich","POSITIVE","1"
"World","NEUTRAL","3"
"Pratteln","NEUTRAL","4"
"Bönigen; Bernese Oberland","NEUTRAL","4"
"Oberwil BL","NEUTRAL","2"
"Wädenswil","POSITIVE","1"
"♡","NEUTRAL","1"
"A'dam","NEUTRAL","1"
"Thonex, Genf","NEUTRAL","2"
"Lyss, Schweiz","POSITIVE","1"
"Thun","NEUTRAL","54"
"Hettlingen, Schweiz","NEUTRAL","35"
"Thurgau, Switzerland","NEUTRAL","7"
"Visp, Switzerland","NEUTRAL","6"
"İstanbul","NEUTRAL","8"
"Weesen","NEUTRAL","2"
"Gotthard Base Tunnel, Swiss","NEUTRAL","2"
"Wetzikon","NEGATIVE","1"
"Zürich, Bäckeranlage","NEUTRAL","3"
"Altstaetten","NEUTRAL","1"
"Berne, CH","NEUTRAL","1"
"Brasil","NEUTRAL","1"
"Halle (Saale); Deutschland","NEUTRAL","3"
"گعبه المضـيوم | Qatar","NEUTRAL","1"
"Sursee, Luzern, Schweiz","NEUTRAL","8"
"8546 Islikon, Thurgau","NEUTRAL","6"
"Zug","NEGATIVE","1"
"Suisse, Fribourg","NEUTRAL","1"
"BSBS","NEUTRAL","1"
"Muhen","NEUTRAL","80"
"Bundesstadt","NEUTRAL","2"
"Bülach","POSITIVE","3"
"Kandersteg, Bern","NEUTRAL","2"
"Schweiz, Aargau,Boniswil","NEUTRAL","2"
"Emmenbrücke, Switzerland","NEUTRAL","1"
"Grenchen, Schweiz","NEUTRAL","1"
"Zürich, Schweiz","NEUTRAL","728"
"Rheineck, Switzerland","NEUTRAL","8"
"Basel, Schweiz","POSITIVE","4"
"Gossau (ZH), Zürich","NEGATIVE","1"
"Hohenrain","NEUTRAL","1"
"Schlieren, Schweiz","POSITIVE","2"
"Herisau, Switzerland","NEUTRAL","1"
"Cholula, Puebla","NEUTRAL","4"
"Zürich/Switzerland","NEUTRAL","2"
"Gosau","POSITIVE","1"
"Bar","NEUTRAL","1"
"Freiburg, Schweiz","NEUTRAL","23"
"Münsingen, Schweiz","NEUTRAL","9"
"Luzern, Adligenswil","NEUTRAL","2"
"Worb, Schweiz","NEUTRAL","1"
"Teufen, AR, Schweiz","NEUTRAL","2"
"zürich","POSITIVE","1"
"Kloten, Switzerland","NEUTRAL","3"
"Sydney, Australia.","NEUTRAL","1"
"Zuoz","NEUTRAL","1"
"kuningan,jawa barat","NEUTRAL","1"
"Stans","NEUTRAL","10"
"Saas-Grund","NEUTRAL","1"
"mostly Switzerland","NEUTRAL","1"
"Sion,Suisse","NEUTRAL","1"
"Thunstetten, Schweiz","NEUTRAL","1"
"Kreuzlingen","NEUTRAL","3"
"Schweiz, Deutschland","NEUTRAL","26"
"Zurich, SWI","NEUTRAL","1"
"Palermo","NEUTRAL","1"
"Schwyz","NEUTRAL","4"
"Steffisburg","POSITIVE","2"
"Switzerland, Zürich","NEUTRAL","3"
"Weinfelden, Thurgau, Schweiz","NEUTRAL","1"
"Sierre, Suisse","NEUTRAL","1"
"Swiss eGovernment Forum, Bern","NEUTRAL","3"
"Gipf-Oberfrick, Switzerland","NEUTRAL","1"
"Matzingen, Thurgau","NEUTRAL","3"
"Waltenschwil","NEUTRAL","1"
"Schweiz, Buchrain","NEUTRAL","14"
"#glp Bezirk Baden, Aargau, CH","NEUTRAL","2"
"Switzerland, quite often","NEUTRAL","1"
"Boston, MA","NEUTRAL","1"
"SCHWEIZ","NEUTRAL","3"
"Fribourg, CH","POSITIVE","1"
"Wohlen (AG), Aargau","POSITIVE","2"
"Effretikon","NEUTRAL","1"
"Chur","NEUTRAL","105"
"Sankt Gallen","NEUTRAL","78"
"Wald","NEUTRAL","25"
"Genève Suisse","NEUTRAL","1"
"Ebertswil, Switzerland","POSITIVE","1"
"Grindelwald, Switzerland","NEUTRAL","1"
"SWITZERLAND, CH","NEUTRAL","1"
"Kandor - Zürich, Switzerland","NEUTRAL","2"
"Nähe Bern, Schweiz","POSITIVE","1"
"Stein am Rhein","NEUTRAL","190"
"Basel, Schweiz, Milky Way","NEUTRAL","3"
"Zofingen, Schweiz","NEUTRAL","1"
"Kloten","NEUTRAL","4"
"Plainfield, IL","NEUTRAL","1"
"Meisterschwanden, Aargau","NEUTRAL","3"
"Rheinfelden, Schweiz","NEUTRAL","7"
"Domat/Ems","NEUTRAL","1"
"Wollerau, Switzerland","NEUTRAL","38"
"Uster, Schweiz","POSITIVE","1"
"LUGANO","NEUTRAL","1"
"Thusis","NEUTRAL","4"
"031","NEUTRAL","1"
"Lugano, Ticino","NEUTRAL","1"
"Dietikon, Zürich","NEUTRAL","8"
"Biel-Bienne","NEUTRAL","2"
"Sattel, Schweiz","NEGATIVE","1"
"Zürich, Schweiz, Europa, Erde","POSITIVE","4"
"Romanshorn","NEUTRAL","2"
"Switzerland","NEGATIVE","15"
"Schweiz","POSITIVE","227"
"Aargau","NEUTRAL","41"
"BASEL","NEUTRAL","18"
"Eichberg","NEUTRAL","2"
"basel, swissland","NEUTRAL","2"
"Zurich, Suiza","NEUTRAL","7"
"Kreis Schleswig-Flensburg, SH","NEUTRAL","7"
"Ticino, Switzerland","NEUTRAL","2"
"iPhone: 46.955950,8.386532","NEUTRAL","2"
"Zurich, Rio, Barcelona, Miami","NEUTRAL","1"
"Kramgasse 8, Bern","NEUTRAL","1"
"Zürichsee, Schweiz","POSITIVE","1"
"Schweiz & Deutschland","NEUTRAL","5"
"ZRH","NEUTRAL","53"
"Lachen, SZ","NEUTRAL","3"
"Küsnacht, Schweiz","NEUTRAL","1"
"Random Private Tracker","NEUTRAL","1"
"Instagram @sarahrita81","NEUTRAL","2"
"Gebiet ohne Netzabdeckung, SH","POSITIVE","4"
"Clorinda","NEUTRAL","1"
"Chur, Graubünden Schweiz","POSITIVE","1"
"Adana-Kayseri","NEUTRAL","1"
"Schüpfen","NEUTRAL","1"
"Frick","NEUTRAL","6"
"Sportanlage Sihlhölzli, Zürich","NEUTRAL","4"
"Sydney, New South Wales","NEUTRAL","1"
"Le Locle, Switzerland","NEUTRAL","1"
"22616✨","NEUTRAL","1"
"Vaud, Switzerland","NEUTRAL","2"
"Monte","NEUTRAL","1"
"Grenchen, Switzerland","NEUTRAL","3"
"Bern 72, Switzerland","NEGATIVE","1"
"Les Hauts-Geneveys, Neuchâtel","NEUTRAL","3"
"im schönen freiamt, schweiz","NEUTRAL","1"
"Basel-City, Switzerland","NEUTRAL","301"
"Geneva","NEUTRAL","24"
"thurgau","NEUTRAL","9"
"Winterthur, Wien, Düsseldorf","NEUTRAL","15"
"Bern ⇄ Zürich, Schweiz","POSITIVE","1"
"Bern, CH","NEUTRAL","4"
"Zürich, St.Gallen, FF, MUC, HH","NEUTRAL","1"
"Rendsburg","NEUTRAL","1"
"Gryffindor","POSITIVE","1"
"Worb","NEUTRAL","1"
"ポケモンが地上波で見れないところ","NEUTRAL","4"
"Solothurn, Schweiz","NEUTRAL","11"
"Appenzell Innerrhoden","NEUTRAL","1"
"Kerns, Obwalden","NEUTRAL","1"
"Neuchâtel, Suisse Korriban","NEUTRAL","1"
"berne, schweiz","NEUTRAL","3"
"Zuerich, Switzerland","POSITIVE","1"
"Barcelona","POSITIVE","1"
"Lucerne, switzerland","POSITIVE","1"
"Radiostudio, Zürich","NEUTRAL","12"
"Spiez, Schweiz","NEUTRAL","3"
"Davos, Switzerland","NEUTRAL","4"
"Switzerland,Aargau","NEUTRAL","4"
"Zurich Switzerland","NEUTRAL","1"
"Uitm Perlis","NEUTRAL","1"
"Muhen,Schweiz","NEUTRAL","1"
"Cottbus","NEUTRAL","1"
"Therwil, Schweiz","NEUTRAL","1"
"Flawil","NEUTRAL","15"
"Lucerne, Zurich or anywhere","NEUTRAL","1"
"Switzerland | New York | Paris","NEUTRAL","2"
"Luzern & Meggen (Switzerland)","NEUTRAL","2"
"4/6 ; AG ; SG","NEUTRAL","2"
"Winterthur // Zürich","NEUTRAL","3"
"aktuell: Biel, Bern","NEUTRAL","2"
"Zumikon/Zurich/Switzerland","NEUTRAL","2"
"Maienfeld, Graubünden, Schweiz","NEUTRAL","1"
"Mägenwil, CH","NEUTRAL","2"
"Wittenbach","NEUTRAL","1"
"Wolfwil, Switzerland","NEUTRAL","1"
"Marlborough, England","NEUTRAL","1"
"Regensdorf, Schweiz","NEUTRAL","24"
"Meggen, Schweiz","POSITIVE","6"
"Zürich, Switzerland","POSITIVE","26"
"Ascona, Switzerland","NEUTRAL","1"
"Thun, Switzerland","POSITIVE","3"
"Sisseln, Aargau","NEUTRAL","2"
"Cuira","NEUTRAL","3"
"Basel, Münchenstein","NEUTRAL","3"
"Hochfelden","NEUTRAL","3"
"Pfäffikon ZH","NEUTRAL","3"
"Switzerland, Italy","NEUTRAL","1"
"Zürich","POSITIVE","99"
"Solothurn, Switzerland","NEUTRAL","62"
"Zollikerberg, Switzerland","NEUTRAL","7"
"Brugg AG","NEUTRAL","1"
"Zürich, Badenerstrase 623","NEUTRAL","1"
"Lausanne, Suisse","NEUTRAL","1"
"Dürnten, Schweiz","POSITIVE","1"
"Rüttenen, Solothurn","POSITIVE","2"
"Kirchleerau","NEUTRAL","1"
"Lausanne, Switzerland","NEUTRAL","6"
"Oberengstringen","NEUTRAL","7"
"CC by-nc-sa","NEUTRAL","1"
"Eastbourne","NEUTRAL","1"
"Therwil, Switzerland","NEUTRAL","6"
"#InABUDHABI","NEUTRAL","1"
"Zug, Suiza","NEUTRAL","1"
"Aesch BL","NEUTRAL","1"
"St. Gallen, CH","POSITIVE","1"
"St. Gallen, Schweiz","NEUTRAL","47"
"Rapperswil","NEUTRAL","44"
"grindelwald","NEUTRAL","13"
"Davos","NEUTRAL","7"
"Neuchâtel, Suisse","NEUTRAL","2"
"Romanshorn, Thurgau","NEUTRAL","1"
"Thun, Switzland","NEUTRAL","4"
"Switzerland - France","NEUTRAL","10"
"Mägenwil, Schweiz","NEUTRAL","3"
"UNITED ARAB EMIRATES","NEUTRAL","1"
"Überall in der Welt","NEUTRAL","2"
"Valais, Switzerland","NEUTRAL","6"
"Frecher Geist weht, wo er will","POSITIVE","1"
"zürich, schweiz","POSITIVE","1"
"Kriens","NEUTRAL","7"
"Aarau, Aargau, Schweiz","NEUTRAL","24"
"Zermatt,Switzerland","NEUTRAL","4"
"Basel, Switzerland","POSITIVE","11"
"Weggis","NEUTRAL","1"
"Uznach, Schweiz","POSITIVE","1"
"Lyss","NEUTRAL","12"
"iPhone: 47.378956,8.535338","NEUTRAL","10"
"Rapperswil-Jona, Switzerland","NEUTRAL","2"
"Basel-Stadt, Schweiz","NEUTRAL","100"
"Aarau, Schweiz","NEUTRAL","12"
"St Gallen, Switzerland","NEUTRAL","12"
"Lugano, CH","NEUTRAL","1"
"Gelterkinden, Switzerland","NEUTRAL","2"
"Zürich, Albisrieden","NEUTRAL","17"
"schweiz","NEGATIVE","2"
"Pfäffkon, Schwyz","NEUTRAL","2"
"Bulle, Switzerland","NEUTRAL","1"
"Mürren","NEUTRAL","1"
"Steinhausen, Schweiz","NEUTRAL","5"
"St. Gallen","POSITIVE","37"
"davos, switzerland","NEUTRAL","1"
"Winterthur, Switzerland","NEUTRAL","66"
"bern","NEUTRAL","35"
"windisch","NEUTRAL","31"
"Schötz","NEUTRAL","3"
"facebook.com/baukonzept","NEUTRAL","1"
"Parintins, Brasil","NEUTRAL","1"
"Wroclaw, Poland","NEUTRAL","2"
"Regensburg, Germany","NEUTRAL","1"
"Switzerland, Zurich-Stettbach","NEUTRAL","1"
"Suiza","NEUTRAL","30"
"Kreuzlingen, St Gallen","NEUTRAL","1"
"Basel, Zurich - Switzerland","NEUTRAL","2"
"Zurich, CH","POSITIVE","1"
"Züri - Bärn - bald Chur","NEUTRAL","3"
"الإمارات","NEUTRAL","4"
"Goldach","NEUTRAL","1"
"Lenzburg, Schweiz","NEUTRAL","1"
"Lyss, Schweiz","NEGATIVE","1"
"Zurich, Berne","NEUTRAL","8"
"aargau","NEUTRAL","21"
"CH, DE, AT","NEUTRAL","2"
"Weinfelden, Thurgau","NEUTRAL","1"
"Hasle-Rüegsau, Schweiz","POSITIVE","2"
"Lengnau (BE), Bern","NEUTRAL","2"
"Bayrampaşa, İstanbul","NEUTRAL","1"
"Switzerland, Terra","NEUTRAL","1"
"Zurich, Switzerland","NEUTRAL","1565"
"Sornetan, Suisse","NEUTRAL","1"
"Ste - Croix","NEUTRAL","1"
"Ebnat-Kappel","NEUTRAL","1"
"München","NEUTRAL","1"
"8800 Thalwil, Schweiz","NEUTRAL","1"
"Brugg","NEUTRAL","30"
"Interlaken","NEUTRAL","1"
"Gansingen, Switzerland","NEUTRAL","3"
"Zurich Airport, Switzerland","NEUTRAL","18"
"Bern, Zurich, Switzerland","NEUTRAL","4"
"Roggwil","NEUTRAL","2"
"Zurich/Switzerland","NEUTRAL","1"
"Menzigen","NEUTRAL","1"
"Berlin, Germany","NEUTRAL","5"
"Neuenegg, Schweiz","NEUTRAL","1"
"Wald AR, Switzerland","NEUTRAL","1"
"Thurgau","NEUTRAL","7"
"SH, Germany","NEUTRAL","1"
"Schweiz, Bern","NEUTRAL","24"
"geneva","NEUTRAL","2"
"Richtiplatz 4, Wallisellen","NEUTRAL","1"
"sursee, kanton luzern, schweiz","NEUTRAL","100"
"Bern (Switzerland)","NEUTRAL","2"
"Bern (Schweiz/Switzerland)","NEUTRAL","1"
"Baselland, Schweiz","NEUTRAL","4"
"Gümligen, Schweiz","NEUTRAL","1"
"Bex, Suisse","NEUTRAL","1"
"Switzerland - 35000 ft - Hong Kong","NEUTRAL","12"
"Disentis/Mustér, Graubünden","NEUTRAL","3"
"irgendwo in Graubünden, CH","NEUTRAL","39"
"Schweiz, Ursprung: POTT :-)","NEUTRAL","7"
"genève","NEUTRAL","2"
"Luthern","NEUTRAL","1"
"Basel, Basel-Stadt","NEUTRAL","42"
"Basel, Helvetia (& Ireland)","NEUTRAL","23"
"Herrliberg, Schweiz","NEUTRAL","2"
"Richterswil, Schweiz","NEUTRAL","2"
"Sion, Suisse","NEUTRAL","2"
"Bern, Zürich und Genf","NEUTRAL","1"
"Bremgarten bei Bern, Schweiz","NEUTRAL","1"
"Zuerich","NEUTRAL","55"
"solothurn","NEUTRAL","2"
"Appenzell Innerrhoden, Schweiz","NEUTRAL","7"
"Büren an der Aare, Schweiz","NEUTRAL","6"
"Bezirk Baden, Niederösterreich","NEUTRAL","3"
"Bern und Zürich, Switzerland","NEUTRAL","2"
"Nicola Pfund, Switzerland","NEUTRAL","1"
"Einsiedeln, Schwyz","NEUTRAL","1"
"Fribourg","POSITIVE","1"
"Sargans, Schweiz","POSITIVE","1"
"Switzerland, near Zurich","POSITIVE","1"
"CH","POSITIVE","21"
"Winterthur, Engelberg","NEUTRAL","53"
"Riggisberg","NEUTRAL","3"
"Herrliberg, Zürich, Suisse","NEUTRAL","5"
"Vancouver • Porto Alegre","NEUTRAL","1"
"Zürich/Schaffhausen","NEUTRAL","1"
"Gelterkinden, Schweiz","NEUTRAL","5"
"Oberkulm, Aargau, Schweiz","NEUTRAL","1"
"3000 Bern, Schweiz","NEUTRAL","2"
"Grüsch, GR","NEUTRAL","2"
"Olten","NEUTRAL","34"
"st. gallen","NEUTRAL","4"
"Oberweningen, Zürich","NEUTRAL","1"
"Bubikon","NEUTRAL","5"
"Ealing, London","NEUTRAL","1"
"Belarus, Minsk","NEUTRAL","2"
"Muttenz, Switzerland","NEUTRAL","3"
"AG","NEUTRAL","1"
"Sursee, Schweiz","NEUTRAL","1"
"MSc in Business Administration","NEUTRAL","2"
"Al Adan, Kuwait","NEUTRAL","1"
"Schweiz Be, ZH","NEUTRAL","10"
"Oberentfelden, Aargau","NEUTRAL","1"
"Switzerland, Kosovo","NEUTRAL","1"
"Solothurn/Zurich Switzerland","NEUTRAL","1"
"Zürich, Tokyo","NEUTRAL","4"
"A Coruña","NEUTRAL","1"
"Sankt Gallen, Schweiz","POSITIVE","20"
"Güttingen","NEUTRAL","18"
"huttwil","NEUTRAL","1"
"Biel, Switzerland","POSITIVE","2"
"Altstätten, Switzerland","NEUTRAL","1"
"here or over there","NEUTRAL","1"
"Brügg, Biel","NEUTRAL","1"
"Zentrum, Bonn","NEUTRAL","2"
"Lausanne, Vaud, Switzerland","NEUTRAL","1"
"CH, D, A, HR","NEUTRAL","1"
"Zug, Bern und dazwischen","NEUTRAL","3"
"www.facebook.com/alacarta","NEUTRAL","1"
"Neerach","NEUTRAL","1"
"Zürich, Switzerland/Schweiz","NEUTRAL","3"
"4056 Basel, Basel-Stadt","NEUTRAL","1"
"Lyss, Bern","NEUTRAL","5"
"Lenzburg, AG, CH","NEUTRAL","1"
"Verbier, Switzerland","NEUTRAL","2"
"مارك اندولت Ромбах ☪☸e✡i☯† ⚣⚥⚢","NEUTRAL","1"
"Schweiz","NEGATIVE","23"
"Zürich, Bern, Basel","NEUTRAL","3"
"Baden, Schweiz","NEUTRAL","17"
"MetroWest Boston","NEUTRAL","1"
"UAE- AD","NEUTRAL","1"
"Beringen, Schweiz","NEUTRAL","2"
"Dielsdorf, Switzerland","POSITIVE","1"
"Basel | Zürich, Schweiz","NEUTRAL","1"
"herisau, ostschweiz, schweiz","NEUTRAL","1"
"Zurich, Portland, Austin","NEUTRAL","1"
"Küssnacht am Rigi","NEUTRAL","1"
"Liestal","NEUTRAL","27"
"Zofingen","NEUTRAL","6"
"Suisse","POSITIVE","1"
"#unterwegszuhause","NEUTRAL","2"
"Singapore","NEUTRAL","4"
"Gebiet ohne Netzabdeckung, SH","NEGATIVE","1"
"47.419852,9.370023","NEUTRAL","2"
"Bronschhofen","NEUTRAL","17"
"Rorschacherberg, Rorschach","NEUTRAL","1"
"Chur, Switzerland","POSITIVE","2"
"Itingen, Basel-Land","NEUTRAL","1"
"Ermensee, Schweiz","NEUTRAL","5"
"Büttikon, Schweiz","NEUTRAL","1"
"Lucerne","NEUTRAL","16"
"Glarus","NEUTRAL","11"
"Adelaide, South Australia","NEUTRAL","5"
"Berne","NEUTRAL","13"
"Graubünden, Switzerland","NEUTRAL","9"
"Hochfelden & Rümlang","NEUTRAL","2"
"Samedan, Graubünden","NEUTRAL","2"
"Berg TG, Switzerland","NEUTRAL","4"
"Basel-Land, Schweiz","NEUTRAL","6"
"Buochs/NW","NEUTRAL","1"
"Ems, Graubünden","NEUTRAL","1"
"Thalwil","NEUTRAL","29"
"Baar, Schweiz","NEUTRAL","8"
"Wallisellen, Schweiz","NEUTRAL","3"
"Basel, Switzerland, スイスのバーセル市","NEUTRAL","4"
"Buchs SG","NEUTRAL","3"
"Oftringen, Aargau","NEUTRAL","3"
"Uezwil, Schweiz","NEUTRAL","2"
"Otelfingen","NEUTRAL","3"
"Neuhausen am Rheinfall","POSITIVE","2"
"Fribourg, Schweiz","NEUTRAL","1"
"Ostermundigen, Schweiz","NEUTRAL","1"
"Thun, Zürich, Schweiz","POSITIVE","1"
"Zürich, Schweiz (still german)","POSITIVE","1"
"Altdorf","NEUTRAL","14"
"Volketswil","NEUTRAL","3"
"Bern, Schweiz","POSITIVE","30"
"Brugg, Schweiz","NEUTRAL","8"
"Rothrist, Aargau","NEUTRAL","1"
"Niederbipp","NEUTRAL","10"
"near zürich, switzerland","NEUTRAL","1"
"Eichberg, St. Gallen, Schweiz","NEUTRAL","4"
"Schweiz, Muttenz","NEUTRAL","7"
"Zürich, Wetzikon","NEUTRAL","1"
"Turgi, Aargau","NEUTRAL","4"
"Arolla, Schweiz","NEUTRAL","1"
"Rheinfelden","POSITIVE","1"
"Seebach, Zürich, Svizzera","NEUTRAL","2"
"Chur/Schwaderloch","POSITIVE","1"
"Svizzera","NEUTRAL","1"
"Schwanden (GL), Schweiz","NEUTRAL","1"
"Görwihl","NEUTRAL","1"
"Sursee, Lucerne (Switzerland)","NEUTRAL","3"
"Obersiggenthal, Schweiz","NEUTRAL","9"
"Olten, Schweiz","NEUTRAL","9"
"Zuzwil","NEUTRAL","3"
"Worldwide","NEUTRAL","3"
"Stans, Nidwalden","NEUTRAL","5"
"Sachseln","POSITIVE","1"
"Aarau","POSITIVE","6"
"Hinwil, Switzerland","NEUTRAL","28"
"Schweiz, Zürich","POSITIVE","4"
"Schlieren, Zürich","NEUTRAL","3"
"Zürich, Switzerland","NEGATIVE","3"
"Bern, Thun","NEUTRAL","2"
"Vorstadt, Kiel","NEUTRAL","3"
"Schaffhausen, Switzerland","POSITIVE","1"
"Unterkulm, Schweiz","NEUTRAL","1"
"Gva","NEUTRAL","1"
"Neuenhof","NEUTRAL","1"
"Ringier, Zürich","NEUTRAL","1"
"Tucson, AZ","NEUTRAL","1"
"Basel, Rheinsulz","NEUTRAL","2"
"Aeschi","NEUTRAL","2"
"Mumbai","NEUTRAL","1"
"switzerland","POSITIVE","8"
"Buchrain, Switzerland","POSITIVE","1"
"Buchholterberg, Schweiz","NEUTRAL","3"
"Basel, Münchenstein, Schweiz","NEUTRAL","5"
"Schweiz, Germany, Ireland & UK","NEUTRAL","1"
"Bern, Berne","POSITIVE","1"
"Avenue de Rumine 4, Lausanne","NEUTRAL","1"
"Bauwagen, St. Gallen","NEUTRAL","1"
"Selangor, Malaysia","NEUTRAL","1"
"ÜT: 39.8754064,-75.2678818","NEUTRAL","1"
"DACH","NEUTRAL","1"
"würenlos","POSITIVE","12"
"Sankt Gallen, Switzerland","POSITIVE","1"
"Switzerland, Europe","NEUTRAL","2"
"Arisdorf, Schweiz","NEUTRAL","2"
"Murten","POSITIVE","2"
"N 47°3' 0'' / E 8°27' 0''","NEUTRAL","1"
"Valhalla","NEUTRAL","1"
"Adliswil","NEUTRAL","1"
"Amriswil, Schweiz","NEUTRAL","1"
"Luzern","POSITIVE","9"
"Aargau, Switzerland","NEUTRAL","136"
"Basel, Switzerland","NEGATIVE","1"
"Lenzerheide, Graubünden","NEUTRAL","4"
"Aadorf, Thurgau, Schweiz","NEUTRAL","1"
"baden","NEUTRAL","1"
"Gais","NEUTRAL","7"
"Muri/AG","NEUTRAL","3"
"Arosa, Graubünden, CH","NEUTRAL","1"
"Thurgau, Schweiz","NEUTRAL","111"
"Opfikon-Glattbrugg, Zürich","NEUTRAL","3"
"Muri bei Bern, Schweiz","NEUTRAL","45"
"Zuerich, Switzerland","NEUTRAL","11"
"Rorschach","NEGATIVE","1"
"Wallisellen, Zürich","NEUTRAL","2"
"Bern, Switzerland","NEUTRAL","264"
"Veltheim (AG), Aargau","NEUTRAL","4"
"Bern, Schweiz, Stade de Suisse","NEUTRAL","29"
"solothurn- schweiz","NEUTRAL","3"
"Nusshof; Switzerland","NEUTRAL","3"
"Urtenen-Schönbühl","NEUTRAL","1"
"ZURICH, SWITZERLAND","NEUTRAL","4"
"Lenk","NEUTRAL","3"
"Adorf","NEUTRAL","1"
"Rheinfelden, Basel, Schweiz","NEUTRAL","8"
"Rapperswil-Jona, Sankt Gallen","NEUTRAL","3"
"Ticino, Svizzera","NEUTRAL","2"
"Ber(li)n, Switzerland","POSITIVE","1"
"Gurgaon, India","NEUTRAL","1"
"St. Gallen","NEGATIVE","1"
"CH,BS","NEUTRAL","2"
"Brugg-Windisch, Switzerland","NEUTRAL","1"
"Switzerland, Earth","NEUTRAL","17"
"Suisse, Europe, USA & Colombia","NEUTRAL","2"
"Spichermatt 4, Stans","NEUTRAL","1"
"Hünenberg, Schweiz","NEUTRAL","4"
"Huttwil","NEUTRAL","1"
"Nidwalden, Switzerland","NEUTRAL","3"
"UiTM Arau, Perlis","NEUTRAL","1"
"8510 Frauenfeld, Switzerland","NEUTRAL","2"
"Baden","POSITIVE","5"
"Buchs, Schweiz","NEUTRAL","12"
"Fulenbach","NEUTRAL","15"
"Palma del rio","NEUTRAL","1"
"Schaffhausen, Schweiz","NEUTRAL","11"
"Winterthur,Switzerland⚓️","NEUTRAL","1"
"Perlis, Malaysia","NEUTRAL","1"
"Veltheim","NEUTRAL","1"
"Muri bei Bern","NEUTRAL","3"
"9500 Wil, St. Gallen","NEUTRAL","1"
"Zürich","NEUTRAL","4464"
"Geneva, Switzerland","NEUTRAL","1129"
"Lucerne, Switzerland","POSITIVE","98"
"Schwyz, Switzerland","NEUTRAL","11"
"Locarno, Switzerland","NEUTRAL","3"
"Kreuzlingen, Thurgau, Schweiz","NEUTRAL","1"
"Lenzburg","NEUTRAL","3"
"ch","NEUTRAL","2"
"Zuerich, Schweiz","NEUTRAL","1"
"Baden, Aargau","POSITIVE","1"
"Gerbergässlein, Basel, Schweiz","NEUTRAL","2"
"Wil SG","NEUTRAL","1"
"Uetendorf","NEUTRAL","1"
"official♡jenga♡piece","NEUTRAL","1"
"Frutigen","NEUTRAL","3"
"Lötschental, Switzerland","NEUTRAL","1"
"Balgach","NEUTRAL","1"
"Erschwil, Schweiz","NEUTRAL","6"
"Regio Basiliensis","NEGATIVE","1"
"Bern, Fribourg, Lausanne","POSITIVE","1"
"Waldenburg","POSITIVE","2"
"Saint Gallen, Switzerland","POSITIVE","1"
"Hüttwilen, Schweiz","NEUTRAL","12"
"Steinhausen","NEUTRAL","2"
"St. Gallen, CH","NEUTRAL","3"
"Switzerland, Chur","NEUTRAL","1"
"Bonstetten","NEUTRAL","29"
"Hettlingen","NEUTRAL","2"
"Balgach, Rheintal, Switzerland","NEUTRAL","4"
"Wetzikon, Schweiz","NEGATIVE","1"
"Frauenfeld, Schweiz","NEUTRAL","6"
"Bremgarten (AG), Aargau","NEUTRAL","2"
"Germany","NEUTRAL","2"
"Gutenbergstrasse 31, Bern","NEUTRAL","2"
"zuerich, switzerland","NEUTRAL","1"
"hombrechtikon, switzerland","NEUTRAL","1"
"Schmerikon, Schweiz","NEUTRAL","3"
"Manchester, UK","NEUTRAL","1"
"Berne, Suisse","NEUTRAL","2"
"Weiach, Schweiz","NEUTRAL","1"
"Aesch (BL), Schweiz","NEUTRAL","1"
"Pfungen, Switzerland","NEUTRAL","1"
"chur, switzerland (east part)","NEUTRAL","1"
"swiss","NEUTRAL","54"
"Lausanne","POSITIVE","3"
"Appenzell","NEUTRAL","1"
"Deutschland, SH, Bad SE","NEUTRAL","3"
"Bezirk Baden, Aargau, Schweiz","NEGATIVE","1"
"Dornach, Deutschland","NEUTRAL","17"
"Süd","NEUTRAL","34"
"Hamburg | Luzern","NEUTRAL","2"
"Thun, Bern","NEUTRAL","15"
"LUZERN","NEUTRAL","11"
"Le Chateau de GrandPepe Jamie","NEUTRAL","2"
"Distrito Federal","NEUTRAL","1"
"Bonn","NEUTRAL","1"
"baden, schweiz","NEUTRAL","10"
"CH","NEGATIVE","2"
"Glarus, Schweiz","NEUTRAL","18"
"Termen","NEUTRAL","1"
"Hasle-Rüegsau, Schweiz","NEUTRAL","2"
"Mexico","NEUTRAL","1"
"Wil, Schweiz","POSITIVE","1"
"Sta. Maria V.M. Schweiz","NEUTRAL","3"
"Friburg, Switzerland","NEUTRAL","4"
"BERN,LCHVRSM","NEUTRAL","31"
"San Francisco Bay Area, USA","NEUTRAL","2"
"zurich, switzerland","POSITIVE","4"
"Zollikofen, Schweiz","NEUTRAL","1"
"Auenstein, Aargau, Schweiz","NEUTRAL","1"
"St. Gallen, Switzerland","NEUTRAL","30"
"Basel-Country, Switzerland","POSITIVE","12"
"Sirnach, Schweiz","NEUTRAL","3"
"Beatenberg","NEUTRAL","12"
"Zuzwil SG","NEUTRAL","1"
"Zürich, Wien","NEUTRAL","1"
"Valais, Suisse","NEUTRAL","5"
"Basel","NEUTRAL","1351"
"Düdingen&Grenchen, Switzerland","NEUTRAL","1"
"Baden, Switzerland","NEUTRAL","62"
"Lucerne, Suisse, Kinshasa,RDC","NEUTRAL","1"
"Thun","POSITIVE","7"
"Reinach, Switzerland","NEUTRAL","2"
"court","NEUTRAL","3"
"Ulm, Baden-Württemberg","NEUTRAL","1"
"Oberentfelden","NEUTRAL","2"
"Vordemwald","POSITIVE","1"
"Lengnau","NEUTRAL","3"
"All over the World","NEUTRAL","1"
"Kissing bei Augsburg","NEUTRAL","2"
"8546 Islikon, Thurgau","POSITIVE","1"
"Santiago, Chile","NEUTRAL","3"
"Aargau, CH / Liguria, I","NEUTRAL","24"
"St.Gallen, Schweiz","NEUTRAL","10"
"✈️ überall aber viel Berlin","NEUTRAL","1"
"Schiers","NEUTRAL","2"
"Thurgau | Schweiz","NEUTRAL","1"
"Weinfelden","NEUTRAL","2"
"New Vegas,RNK","NEUTRAL","13"
"italy (in these days)","NEUTRAL","1"
"Zürich / Schaffhausen","NEUTRAL","1"
"Vechigen","NEUTRAL","1"
"Zürich, Schweiz","POSITIVE","28"
"Bellinzona","NEUTRAL","13"
"Saas-Fee,Switzerland","NEUTRAL","7"
"47.443143,8.626668","NEUTRAL","3"
"Visp","NEUTRAL","4"
"Spreitenbach","NEUTRAL","7"
"Wallisellen","NEUTRAL","9"
"Berna, Suiza","NEUTRAL","1"
"Gipf-Oberfrick","NEUTRAL","1"
"Paris, France","NEUTRAL","1"
"Graubünden, Schweiz","NEUTRAL","2"
"Oberer Zürichsee","NEUTRAL","21"
"allez la suisse","NEUTRAL","5"
"Biel / Bienne, Switzerland","NEUTRAL","1"
"Switzerland, Uri","NEUTRAL","1"
"Etziken, Schweiz","NEUTRAL","5"
"Wohlen","NEUTRAL","2"
"Bern,Schweiz","NEUTRAL","7"
"CH, Earth, Milky Way, Laniakea","NEUTRAL","17"
"Zürich, Bern, Stuttgart","NEUTRAL","1"
"Hüttwilen","NEUTRAL","1"
"Hamburg","NEUTRAL","1"
"Zurich, Schweiz","NEUTRAL","17"
"Düdingen","NEUTRAL","3"
"Ruswil","NEUTRAL","2"
"La Table Des Ducs","NEUTRAL","2"
"Bern, Schweiz","NEGATIVE","1"
"Ebikon, Luzern","NEUTRAL","2"
"Zürich Schaffhausen","NEUTRAL","2"
"Lupfig, Aargau","NEUTRAL","1"
"Tägerwilen","NEUTRAL","1"
"Next to Carmen Sandiego & ZRH","NEUTRAL","1"
"Flüelen","NEUTRAL","17"
"Belp","NEUTRAL","1"
"Wetzikon ZH","NEUTRAL","4"
"Rapperswil SG","NEUTRAL","1"
"Aadorf","NEUTRAL","7"
"Basle, Basel City","NEUTRAL","6"
"Kanton Bern, Schweiz","NEUTRAL","6"
"Lichtensteig","NEUTRAL","1"
"Dornach, Schweiz","NEUTRAL","3"
"Genève, Suisse","NEUTRAL","12"
"Bassersdorf","NEUTRAL","1"
"London / North Yorkshire","NEUTRAL","1"
"Aarau, Aargau, Switzerland","NEUTRAL","1"
"Lake Constance, Switzerland","NEUTRAL","3"
"Luzern, Schweiz","NEUTRAL","194"
"luzern, schweiz","NEUTRAL","15"
"Vaz/Obervaz, Graubünden, CH","NEUTRAL","6"
"switzerland","NEGATIVE","3"
"Jonschwil","NEUTRAL","1"
"Falkenstrasse, Zürich","NEUTRAL","3"
"Zurich, Suisse","NEUTRAL","17"
"Schweiz, Buchrain","POSITIVE","4"
"Gontenschwil","NEUTRAL","3"
"Fribourg, Switzerland","POSITIVE","2"
"Sankt Gallen","POSITIVE","2"
"Chur","POSITIVE","4"
"Bussigny, Suisse","NEUTRAL","10"
"winterthur","NEUTRAL","4"
"Beacon Hills","NEUTRAL","1"
"9055 Bühler, Schweiz","NEUTRAL","1"
"Zurich, Switzerland.","NEUTRAL","3"
"Switzerland, Austria, Zambia","NEUTRAL","1"
"Made with ❤ in Switzerland","NEUTRAL","1"
"Apes,Melina,Ju,Luca,Lou,Ks","NEUTRAL","73"
"Messe Zürich, Switzerland","NEUTRAL","9"
"Sissach, Schweiz","NEUTRAL","18"
"Bern, Genève, Züri, Stockholm","NEUTRAL","1"
"Stein am Rhein","POSITIVE","2"
"Kloten","POSITIVE","1"
"5h, ddl, ag, tk, NYD, 1D, t100","NEUTRAL","1"
"Freienstein, Schweiz","NEUTRAL","1"
"Kaisten","NEUTRAL","1"
"Rheinfelden, Schweiz","POSITIVE","1"
"Wollerau, Switzerland","POSITIVE","3"
"Aargau, Schweiz","NEUTRAL","118"
"Dättwil, Switzerland","NEUTRAL","2"
"Near Zurich, Switzerland","NEUTRAL","1"
"Schindellegi, Schweiz","NEUTRAL","7"
"Strasbourg - Colmar - Mulhouse","NEUTRAL","1"
"Zürich , Schweiz","NEUTRAL","6"
"Seuzach, 8472","NEUTRAL","1"
"that zesty northern california","NEUTRAL","3"
"Glattbrugg, Zürich","NEUTRAL","1"
"El Salvador","NEUTRAL","1"
"BASEL","POSITIVE","1"
"Aargau","POSITIVE","6"
"Riyadh , Saudi Arabia","NEUTRAL","3"
"Torrejón de Ardoz, Comunidad de Madrid","NEUTRAL","2"
"Schönenbuch, Schweiz","NEUTRAL","4"
"Dübendorf","NEUTRAL","2"
"Münsingen, Switzerland","NEUTRAL","4"
"iPhone: 47.527222,7.655301","POSITIVE","1"
"Mels, Sankt Gallen","NEUTRAL","1"
"Wil, SG, Switzerland","NEUTRAL","1"
"ZRH","POSITIVE","13"
"Allschwil, Basel-Land","NEUTRAL","9"
"Fribourg, Suisse","NEUTRAL","2"
"Pfyn, Switzerland","NEUTRAL","1"
"Switzerland, Kashmir, Nepal","NEUTRAL","7"
"Uitikon, Schweiz","NEUTRAL","1"
"Basel. Switzerland","POSITIVE","1"
"schweiz, wallis, aletsch arena","NEUTRAL","1"
"Bern","NEUTRAL","1378"
"Zurich","NEUTRAL","757"
"Luzern, Zentralschweiz","NEUTRAL","18"
"بَيْنَ الحُسيْن و العَبّاس","NEUTRAL","3"
"Biel/Bienne, Switzerland","NEUTRAL","8"
"kuwait","NEUTRAL","1"
"47.259682,8.844828","POSITIVE","1"
"Leukerbad","NEUTRAL","1"
"Planet Earth (for the moment)","NEUTRAL","1"
"دار الحي","NEUTRAL","1"
"Rubigen","NEUTRAL","17"
"Muri, Aargau","NEUTRAL","1"
"TheVace","NEUTRAL","17"
"WorldPeaceSummit, Switzerland","NEUTRAL","1"
"Basel-City, Switzerland","POSITIVE","1"
"Zurigo, Svizzera","NEUTRAL","5"
"Zürich , SWITZERLAND","NEUTRAL","1"
"Switzerland, Bern/Zürich","NEUTRAL","3"
"Emmental, Switzerland","NEUTRAL","4"
"Titterten, Switzerland","NEUTRAL","1"
"Kriens, Lucerne","POSITIVE","1"
"Biel, Bern","NEUTRAL","18"
"Herisau","NEUTRAL","9"
"Moscow, Russia","NEUTRAL","4"
"Zuzwil (SG), Schweiz","NEUTRAL","12"
"Baden-Dättwil, Switzerland","NEUTRAL","2"
"Zürich, Schweiz, Switzerland","NEUTRAL","4"
"Bern, Bern CH","NEUTRAL","5"
"berne, schweiz","POSITIVE","2"
"Aarburg, Schweiz","NEUTRAL","1"
"Küsnacht ZH","NEUTRAL","1"
"Columbia, SC","NEUTRAL","2"
"Kölliken, Switzerland","NEUTRAL","6"
"Switzerland Aargau","NEUTRAL","3"
"iPhone: 49.955372,11.581735","NEUTRAL","1"
"Zürich, CH","NEUTRAL","4"
"Rotterdam Gouda Utrecht","NEUTRAL","1"
"Alicante","NEUTRAL","1"
"Maienfeld","NEUTRAL","2"
"Binningen, CH","NEUTRAL","4"
"aktuell: Biel, Bern","POSITIVE","1"
"47.383622,8.024721","NEUTRAL","1"
"United Arab Emirates","NEUTRAL","1"
"Lugano, Capital Federal","NEUTRAL","1"
"Solothurn","POSITIVE","4"
"Chur, die Alpenstadt","NEUTRAL","1"
"Turbenthal, Zürich","NEUTRAL","2"
"Swiss eHealth Forum, Bern","NEUTRAL","3"
"Wiesendangen","NEUTRAL","5"
"Regensdorf, Schweiz","POSITIVE","2"
"Allschwil, Schweiz","NEUTRAL","1"
"Montreux, Suisse","NEUTRAL","1"
"Cham, Schweiz","NEUTRAL","8"
"Reinach (BL), Schweiz","NEUTRAL","3"
"Earth to Heaven","NEUTRAL","1"
"Dietikon","NEUTRAL","43"
"Augsburg, Germany","NEUTRAL","3"
"Bern, Zürich, Lausanne,Brüssel","NEUTRAL","2"
"Luzern, Switzerland","NEUTRAL","12"
"Speicher AR, Schweiz","NEUTRAL","44"
"Wil, Switzerland","NEUTRAL","2"
"Suiza - España","NEUTRAL","1"
"4922 Thunstetten BE, Schweiz","NEUTRAL","1"
"Stein, Aargau, Schweiz","NEUTRAL","4"
"Ostholstein, SH, Germany","NEUTRAL","110"
"Uster & Mollis, Switzerland","NEUTRAL","5"
"Payerne","NEUTRAL","1"
"Milan, Italy","NEUTRAL","1"
"Grischun, Svizra","NEUTRAL","1"
"Aargau, CH","NEUTRAL","1"
"Confoederatio Helvetica","NEUTRAL","2"
"Maldives","NEUTRAL","1"
"CH-8142 Uitikon, Switzerland","NEUTRAL","1"
"Dorf","NEUTRAL","3"
"St. Gallen, Schweiz","POSITIVE","5"
"Rapperswil","POSITIVE","2"
"Reinach","NEUTRAL","282"
"Gstaad","NEUTRAL","2"
"Ísland/Schweiz/New Zealand","NEUTRAL","9"
"Oberwallis","NEUTRAL","8"
"Thalwil, Switzerland","NEUTRAL","2"
"Adligenswil, Schweiz","NEUTRAL","17"
"Manila","NEUTRAL","1"
"Fribourg/Freiburg, Schweiz","NEUTRAL","25"
"Basilea","NEUTRAL","4"
"sms@rebell.tv","NEUTRAL","35"
"Lugano, Switzerland","NEUTRAL","6"
"Aarau, Switzerland","NEUTRAL","14"
"Schenkon","NEUTRAL","19"
"CH, EU, Ägypten, Sudan, USA","NEUTRAL","19"
"3600 Thun, Schweiz","NEUTRAL","1"
"بينَ الحرف و الفُرشاة","NEUTRAL","1"
"Basel-Stadt, Schweiz","POSITIVE","3"
"3800 Interlaken, Switzerland","NEUTRAL","36"
"Aarau, Schweiz","POSITIVE","1"
"Berne, Deutschland","NEUTRAL","1"
"St Gallen, Switzerland","POSITIVE","1"
"Bern/Olten/Zurich, Switzerland","NEUTRAL","1"
"Niederrohrdorf AG, Switzerland","NEUTRAL","8"
"Eiken, Aargau, Schweiz","NEUTRAL","1"
"Europe, Switzerland, Zurich","NEUTRAL","1"
"Interlaken, Schweiz","NEUTRAL","5"
"davos, switzerland","POSITIVE","1"
"México","NEUTRAL","1"
"Monte Carasso, Ticino, CH","NEUTRAL","1"
"Schweiz, Handleberkumpeline","NEUTRAL","1"
"Davos Klosters","POSITIVE","1"
"Trogen, Switzerland","NEUTRAL","1"
"Nyon, Switzerland","NEUTRAL","22"
"Saint Gallen, Switzerland","NEUTRAL","74"
"CH-8132 Egg","NEUTRAL","2"
"Winterthur, Schweiz","NEUTRAL","21"
"Austria","NEUTRAL","4"
"bern","POSITIVE","2"
"Winterthur, Switzerland","POSITIVE","7"
"Falkenstrasse 11, Zürich","NEUTRAL","9"
"Trimmis","NEUTRAL","3"
"Göttingen, Niedersachsen","NEUTRAL","1"
"Scuol","NEUTRAL","3"
"Rümlang","NEUTRAL","6"
"Zürich-Bern, Switzerland","NEUTRAL","4"
"Unterseen, Schweiz","NEUTRAL","2"
"Switzerland, Schweiz","NEUTRAL","3"
"Luzern, Zürich & Filisur, CH","NEUTRAL","1"
"Chur, Khur","NEUTRAL","3"
"Griechenland","NEUTRAL","1"
"Diepoldsau","NEUTRAL","1"
"GENEVA","NEUTRAL","1"
"Einsiedeln, Switzerland","NEUTRAL","72"
"Zürich, CHE","NEUTRAL","12"
"Wallisellen, Switzerland","NEUTRAL","4"
"Abu Dhabi, United Arab Emirates","NEUTRAL","1"
"Muri AG","NEUTRAL","1"
"Inoffizieller Kanal","NEUTRAL","1"
"Ennetbürgen","NEUTRAL","1"
"Seegräben, Zürich","NEUTRAL","1"
"Arnhem/Tiel/Eindhoven","NEUTRAL","1"
"Zurich, Switzerland","POSITIVE","85"
"Grenchen","NEUTRAL","36"
"Bernese Oberland, Switzerland","NEUTRAL","2"
"Grossaffoltern, Bern","NEUTRAL","5"
"Region Thun, Schweiz","NEUTRAL","5"
"CHUR","NEUTRAL","2"
"Planet Earth","NEUTRAL","1"
"Zürich, New York, Las Vegas","NEUTRAL","1"
"Indonesia","NEUTRAL","1"
"None","NEUTRAL","687"
"zurich","NEUTRAL","59"
"Switzerland, Berne","NEUTRAL","5"
"Earth.... for now","NEUTRAL","1"
"Basel, Berlin","NEUTRAL","1"
"Diessenhofen","NEUTRAL","1"
"Langnau im Emmental","NEUTRAL","1"
"Bern, Zurich, Switzerland","POSITIVE","1"
"Zurich Airport, Switzerland","POSITIVE","2"
"Dietikon, Schweiz","NEUTRAL","8"
"Landquart,Graubünden,Schweiz","NEUTRAL","3"
"Ticino","NEUTRAL","14"
"Vaud, Suisse","NEUTRAL","2"
"Switzerland, Dreaming","NEUTRAL","1"
"Zürich, Schweiz","NEGATIVE","3"
"Thurgau","POSITIVE","1"
"SAVE THE SEA TURTLES","NEUTRAL","1"
"Zermatt, Switzerland","NEUTRAL","1"
"lucerne, switzerland","NEUTRAL","1"
"Turmstrasse 18, Zug, Schweiz","NEUTRAL","1"
"Rümlang, Schweiz","NEUTRAL","1"
"Switzerland, the place to be","NEUTRAL","3"
"Schindellegi","NEUTRAL","1"
"Zuchwil, Schweiz","NEUTRAL","1"
"Portugal","NEUTRAL","2"
"1800, Vevey","NEUTRAL","51"
"The Abyss, Switzerland","NEUTRAL","3"
"Wettingen, Schweiz","NEUTRAL","5"
"Tamins","NEUTRAL","1"
"Mannenbach, Thurgau, Schweiz","NEUTRAL","2"
"Schweiz, Ursprung: POTT :-)","POSITIVE","2"
"Stuttgart","NEUTRAL","1"
"irgendwo in Graubünden, CH","POSITIVE","1"
"Winterthur, Zürich","NEUTRAL","93"
"ZH, Schweiz","NEUTRAL","37"
"Wettingen","NEUTRAL","24"
"Berne, Hamburg, Bremen, Munich","NEUTRAL","2"
"iPhone: 47.059861,8.311069","NEUTRAL","1"
"Langenthal BE","NEUTRAL","8"
"Zürich, Berlin","NEUTRAL","1"
"Zentralschweiz","NEUTRAL","1"
"Volketswil, Zürich","NEUTRAL","2"
"Koppigen","NEUTRAL","9"
"Herrliberg, Schweiz","POSITIVE","1"
"Cologne Germany","NEUTRAL","1"
"Feuerthalen, Zürich","NEUTRAL","1"
"Zuerich","POSITIVE","2"
"Baar","NEUTRAL","2"
"Kiesen, Switzerland","NEUTRAL","1"
"Schattdorf","NEUTRAL","1"
"Wetzikon","NEUTRAL","50"
"Würfelzucker-City","NEUTRAL","20"
"Frauenfeld, Switzerland","NEUTRAL","51"
"Vordemwald","NEUTRAL","5"
"Grüsch, GR","POSITIVE","1"
"Lostorf","NEUTRAL","22"
"mal hier, mal da...","NEUTRAL","2"
"India","NEUTRAL","5"
"Uznach","NEUTRAL","1"
"Switzerland, Pfäffikon","NEUTRAL","1"
"Madrid","NEUTRAL","1"
"Valparaíso","NEUTRAL","1"
"Zug","NEUTRAL","56"
"Zurich Region, Switzerland","NEUTRAL","3"
"Olten","POSITIVE","2"
"Uzwil, Switzerland","NEUTRAL","1"
"Zürich, Wien, Berlin","NEUTRAL","1"
"Zürich/Brazil/Rec❤️","NEUTRAL","2"
"Schweiz, Bern +'Aarau","NEUTRAL","1"
"Oberentfelden, Aargau","POSITIVE","1"
"Lyssach, Schweiz","NEUTRAL","1"
"Appenzell, Switzerland","NEUTRAL","1"
"Suíça","NEUTRAL","9"
"Zürich | Baden","NEUTRAL","1"
"Sierre, Switzerland","NEUTRAL","8"
"Altendorf","NEUTRAL","2"
"Sankt Moritz, Graubünden","NEUTRAL","3"
"Geroldswil, Schweiz","NEUTRAL","10"
"Saint Gallen, Bern und Zürich","NEUTRAL","7"
"Tiefstes Aargau, Schweiz","NEUTRAL","4"
"Affoltern am Albis, Zürich","NEUTRAL","2"
"Chemnitz, Deutschland","NEUTRAL","1"
"Schübelbach","NEUTRAL","3"
"Dübendorf, Schweiz","NEUTRAL","11"
"Zentrum, Bonn","POSITIVE","1"
"Seebach, France","NEUTRAL","1"
"Gossau (ZH), Zürich","NEUTRAL","1"
"Basel, dah","NEUTRAL","1"
"Zug, Bern und dazwischen","POSITIVE","1"
"Lausanne, Toronto","NEUTRAL","1"
"svizzera, però sono sarda","NEUTRAL","1"
"Solothurn, Schweiz/Switzerland","NEUTRAL","5"
"Emmen, Switzerland","NEUTRAL","2"
"schaffhausen","NEUTRAL","22"
"Wettingen AG","NEUTRAL","2"
"Schmitten (FR), Schweiz","NEUTRAL","5"
"Zürich, Kreis 4","NEUTRAL","1"
"Küssnacht am Rigi","POSITIVE","1"
"Baden, Schweiz","POSITIVE","1"
"47.016767,7.663131","NEUTRAL","1"
"Roma","NEUTRAL","2"
"Arlesheim, Schweiz","NEUTRAL","1"
"Jonen, Schweiz","NEUTRAL","1"
"Zwitserland","NEUTRAL","5"
"Wattwil","NEUTRAL","13"
"Burgdorf, Switzerland","NEUTRAL","5"
"Bahnhofplatz 11, 3001 Bern","NEUTRAL","3"
"Pieterlen","NEUTRAL","16"
"In a tin can, Switzerland","NEUTRAL","1"
"Murten, Schweiz","NEUTRAL","1"
"Abu Dhabi","NEUTRAL","1"
"Hochdorf","NEUTRAL","2"
"Bronschhofen","POSITIVE","7"
"Zentrum, Augsburg","NEUTRAL","79"
"Uri, Switzerland","NEUTRAL","7"
"Switzerland, St. Gallen","NEUTRAL","1"
"Seeland, Biel, Schweiz","NEUTRAL","3"
"Hertfordshire","NEUTRAL","1"
"Paris, Lausanne, Wien","NEUTRAL","2"
"Genève, et Paris, TX","NEUTRAL","1"
"Olten, Suisse","NEUTRAL","38"
"Schweiz, Basel","NEUTRAL","3"
"Thalwil, Zürich","NEUTRAL","7"
"Wettingen, Aargau","NEUTRAL","17"
"Richterswil, Köln, Salzburg","NEUTRAL","1"
"Südtirol","NEUTRAL","6"
"outer spiral arm, milky way","NEUTRAL","13"
"Fribourg, Switzerland","NEUTRAL","44"
"Thalwil","POSITIVE","1"
"Breil/Brigels","NEUTRAL","2"
"Zurich/Los Angeles CA","NEUTRAL","1"
"Schweiz, 542 m.ü.M.","NEUTRAL","2"
"Eschlikon, Switzerland","NEUTRAL","1"
"Horw, Schweiz","NEUTRAL","1"
"46.530002,6.621964","NEUTRAL","8"
"Berlin","NEUTRAL","22"
"Svizzera","POSITIVE","1"
"Santa Fe","NEUTRAL","1"
"Sarnen, Switzerland","NEUTRAL","3"
"Ottenbach, Zürich, Schweiz","NEUTRAL","1"
"Aeschi (SO), Solothurn","NEUTRAL","1"
"Flüelen, Uri","NEUTRAL","4"
"Zollikofen","NEUTRAL","2"
"Olten, Schweiz","POSITIVE","1"
"Switzerland, ZH, Zug, Baar","NEUTRAL","3"
"Zürich, Basel, Nimmerland","NEUTRAL","1"
"Amden","NEUTRAL","3"
"Floripa","NEUTRAL","1"
"Hinwil, Switzerland","POSITIVE","13"
"Sattel, Schweiz","NEUTRAL","362"
"Wahlern, Bern","NEUTRAL","64"
"Zurich & Arosa, Switzerland","NEUTRAL","8"
"eeklo","NEUTRAL","1"
"Zürich, Basel, Winterthur, Zug","NEUTRAL","1"
"Uster","NEUTRAL","14"
"Switzerland","NEUTRAL","6547"
"Pratteln, Schweiz","NEUTRAL","12"
"Kanton Bern CH","NEUTRAL","2"
"Staatsstrasse 3 switzerland","NEUTRAL","1"
"Gossau, Switzerland","NEUTRAL","1"
"Kriens, Schweiz","NEUTRAL","4"
"Glattbrugg","NEUTRAL","1"
"Baar, CH","NEUTRAL","3"
"Zürich/Gerra","NEUTRAL","1"
"Winterthur","NEUTRAL","254"
"Grenchen, Solothurn","NEUTRAL","3"
"Rüschlikon","NEUTRAL","5"
"Schweiz, Suisse, Switzerland","NEUTRAL","9"
"Karlsruhe, Baden, Germany","NEUTRAL","1"
"Nidau, Schweiz","NEUTRAL","1"
"Basel. Switzerland","NEUTRAL","1"
"Kerzers, Freiburg","NEUTRAL","3"
"Bauwagen, St. Gallen","POSITIVE","1"
"Sursee","NEUTRAL","6"
"Zug, Switzerland","NEUTRAL","59"
"Bern 72, Switzerland","NEUTRAL","105"
"Lyon, France","NEUTRAL","4"
"47.259682,8.844828","NEUTRAL","30"
"Pfäffikon, SZ","NEUTRAL","2"
"Liverpool, England","NEUTRAL","1"
"♡ P.R.C.","NEUTRAL","1"
"Berlin & Słupsk","NEUTRAL","1"
"European Empire","NEUTRAL","4"
"Ettingen, Schweiz","NEUTRAL","1"
"Sarmenstorf, Aargau","NEUTRAL","1"
"Switzerland - France","NEGATIVE","2"
"kitchen, grocery store, brewery, bar, restaurant, farmer's market etc","NEUTRAL","1"
"Brugg, Aargau","NEUTRAL","2"
"Zürich, Basel","NEUTRAL","1"
"Aargau, Switzerland","POSITIVE","1"
"Israel","NEUTRAL","3"
"Jona","NEUTRAL","11"
"Uptown, Downtown, Switzerland","NEUTRAL","2"
"sargans, schweiz","NEUTRAL","2"
"Schwyz, Schübelbach","NEUTRAL","1"
"Rapperswil-Jona / Basel, CHE","NEUTRAL","1"
"Zurich + Ocean Falls B.C.","NEUTRAL","11"
"SH","NEUTRAL","68"
"Kreuzlingen, Switzerland","NEUTRAL","12"
"Thurgau, Schweiz","POSITIVE","1"
"Oerlikon, Europe/Zurich","NEUTRAL","1"
"Freiburg, Germany","NEUTRAL","1"
"Neuchâtel","POSITIVE","1"
"Zürich, Albisrieden","NEGATIVE","1"
"Suisse, France","NEUTRAL","1"
"Freaktal, Schweiz","NEUTRAL","2"
"Friuli-Venezia Giulia, Italia","NEUTRAL","1"
"Makati City 1200","NEUTRAL","4"
"burayı terket","NEUTRAL","1"
"Reinach, Baselland, Schweiz","NEUTRAL","5"
"Bern, Switzerland","POSITIVE","7"
"Bern, 20 Meter ü. Aare","NEUTRAL","3"
"Rheinfelden, Basel, Schweiz","POSITIVE","1"
"Ennetbaden/Schweiz","NEUTRAL","59"
"Ibach, Switzerland","NEUTRAL","2"
"Zurich City","NEUTRAL","2"
"Rubigenstrasse 1, 3123 Belp","NEUTRAL","1"
"Offenbach","NEUTRAL","3"
"Basel, Arlesheim, Switzerland","NEUTRAL","1"
"Burgdorf, Bern","NEUTRAL","2"
"Valais","NEUTRAL","1"
"Schweiz, Aargau","NEUTRAL","1"
"St.Gallen, CH","NEUTRAL","9"
"Winterthur, Switzerland","NEGATIVE","1"
"Muttenz","NEUTRAL","6"
"Switzerland, Earth","POSITIVE","1"
"Emiratos Árabes Unidos-Dubai","NEUTRAL","2"
"Rüti ZH, Switzerland","NEUTRAL","1"
"Thun, Schweiz","NEUTRAL","6"
"Switzerland, Basel","NEUTRAL","1"
"Schlieren, Switzerland","NEUTRAL","5"
"Solothurn","NEUTRAL","61"
"North Hollywood, CA","NEUTRAL","1"
"Romanshorn, Switzerland","NEUTRAL","1"
"Palma del rio","POSITIVE","1"
"Zug, Zug","NEUTRAL","3"
"CHItown","NEUTRAL","1"
"Berne - Switzerland","NEUTRAL","1"
"Berne, Switzerland","NEUTRAL","228"
"Transit","NEUTRAL","1"
"Thurgau, CH","NEUTRAL","3"
"Biel","NEUTRAL","14"
"Stäfa, Zürich, Brig","NEUTRAL","2"
"Zurich, Switzerland","NEGATIVE","7"
"Val Terbi, Switzerland","NEUTRAL","1"
"Vila do Conde, Portugal","NEUTRAL","1"
"Switzerland, Germany, Austria","NEUTRAL","14"
"Sarnen","NEUTRAL","14"
"Hamburg, Deutschland","NEUTRAL","1"
"Buochs, Switzerland","NEUTRAL","1"
"Thun, Bern CH","NEUTRAL","2"
"Ramsen, Schaffhausen","NEUTRAL","2"
"Zürich,سويسرا","NEUTRAL","8"
"Vernier, Suisse","NEUTRAL","1"
"Wollerau, Schweiz","NEUTRAL","8"
"Umgebung Basel, Switzerland","NEUTRAL","6"
"SS","NEUTRAL","1"
"Sankt Gallen, Sankt Gallen","NEUTRAL","1"
"Bonstetten","POSITIVE","4"
"fribourg","NEUTRAL","1"
"Biel-Bienne, Switzerland","POSITIVE","2"
"Nürensdorf, Schweiz","NEUTRAL","1"
"schweiz","NEUTRAL","55"
"San Gallo, Svizzera","NEUTRAL","1"
"Gutenbergstrasse 31, Bern","POSITIVE","1"
"Oftringen, Schweiz","NEUTRAL","1"
"Val Bregaglia, Svizzera","NEUTRAL","1"
"Jura, Franche-Comté","NEUTRAL","1"
"Tägerwilen, Thurgau","NEUTRAL","8"
"Oberentfelden, CH","NEUTRAL","3"
"Zurigo","NEUTRAL","4"
"Mendrisio","NEUTRAL","3"
"Kloten, Schweiz","NEUTRAL","5"
"zug","NEUTRAL","3"
"Berne, Suisse","POSITIVE","1"
"Sissach, Basel, Schweiz","NEUTRAL","1"
"Paris - Geneve - Alger","NEUTRAL","1"
"Sissach, Switzerland","NEUTRAL","12"
"Chur, Schweiz","NEUTRAL","10"
"swiss","POSITIVE","4"
"Scuol, Grischun","NEUTRAL","3"
"Spiez","NEUTRAL","3"
"ZH, Switzerland","NEUTRAL","4"
"Füllinsdorf, Switzerland","NEUTRAL","1"
"Wohlen AG","NEUTRAL","2"
"Ebikon, Switzerland","NEUTRAL","1"
"Bezirk Baden, Aargau, Schweiz","POSITIVE","4"
"kuwait, ALFAIHA","NEUTRAL","1"
"LionCity","NEUTRAL","1"
"Regensdorf, Zürich","NEUTRAL","28"
"Lyss, Schweiz","NEUTRAL","20"
"Lugano","NEUTRAL","20"
"Wädenswil","NEUTRAL","78"
"Cidadã do mundo!","NEUTRAL","1"
"Zuerich","NEGATIVE","1"
"Süd","POSITIVE","2"
"SAC/UiTM Arau","NEUTRAL","1"
"47.168182,8.296895","NEUTRAL","2"
"Langenbruck","NEUTRAL","1"
"Zurich [Fribourg], Switzerland","NEUTRAL","2"
"Thun, Bern","POSITIVE","1"
"Arosa | Graubünden | Schweiz","NEUTRAL","1"
"Toffen","NEUTRAL","1"
"Wollerau","NEUTRAL","1"
"basel","NEUTRAL","21"
"Platense, ahora Mte Hso","NEUTRAL","2"
"Saas-Fee","NEUTRAL","5"
"Schweiz, Kriens","NEUTRAL","1"
"Rotkreuz, Switzerland","NEUTRAL","3"
"Glarus, Schweiz","POSITIVE","3"
"Zürich, Hamburg","NEUTRAL","1"
"baden, schweiz","POSITIVE","1"
"Foggia","NEUTRAL","1"
"Ermatingen, Zürich","NEUTRAL","2"
"Genf","NEUTRAL","6"
"Doha-Qatar (Muraikh)","NEUTRAL","2"
"New York, NY","NEUTRAL","1"
"Bad Zurzach","NEUTRAL","3"
"8488 Turbenthal, Schweiz","NEUTRAL","23"
"'Ragusa' District, Switzerland","NEUTRAL","5"
"CH-Horgen, Schweiz","NEUTRAL","1"
"Norddeutschland, Ostsee, SH","NEUTRAL","5"
"Bern und 3.0 NM LSZB ILS RWY14","NEUTRAL","5"
"Zürich, Schweiz, Europa","NEUTRAL","1"
"MSVE/Erika Varo","NEUTRAL","1"
"La Chaux-de-Fonds, Switzerland","NEUTRAL","1"
"near Zürich, Switzerland","NEUTRAL","2"
"Bülach","NEUTRAL","23"
"sursee","NEUTRAL","117"
"Moosseedorf, CH","NEUTRAL","66"
"Liestal, Switzerland","NEUTRAL","4"
"Interlaken - Switzerland","NEUTRAL","1"
"Basel, Schweiz","NEUTRAL","96"
"Interlaken - Bern, Switzerland","NEUTRAL","4"
"Sebastiansplatz 4, Brig","NEUTRAL","4"
"Augsburg","NEUTRAL","9"
"Schlieren, Schweiz","NEUTRAL","7"
"Sevelen, Sankt Gallen","NEUTRAL","5"
"Arlesheim","NEUTRAL","2"
"basel.ch","NEUTRAL","1"
"Zürich, WebGate Consulting AG","POSITIVE","1"
"london","NEUTRAL","2"
"Horgen","NEUTRAL","3"
"Basel","POSITIVE","30"
"zürich","NEUTRAL","53"
"Zurich/Munich/Berlin","POSITIVE","1"
"Baden, Switzerland","POSITIVE","2"
"Flamatt","NEUTRAL","3"
"Gosau","NEUTRAL","3"
"Düren","POSITIVE","1"
"Zürich, Düsseldorf, München","NEUTRAL","7"
"friburgo","NEUTRAL","1"
"Jonschwil, Sankt Gallen","NEUTRAL","11"
"Stansstad","NEUTRAL","31"
"Zug, Schweiz","NEUTRAL","11"
"Aargau, CH / Liguria, I","POSITIVE","6"
"Möhlin","NEUTRAL","2"
"Langenthal, Switzerland","NEUTRAL","2"
"Egg, Zürich, Switzerland","NEUTRAL","4"
"Martigny","NEUTRAL","1"
"Wiesbaden","NEUTRAL","1"
"Rotkreuz","NEUTRAL","5"
"Bellach, Switzerland","NEUTRAL","2"
"Zurich / Basel, Switzerland","NEUTRAL","5"
"Steffisburg","NEUTRAL","6"
"Harmonia - Rio Grande do Sul","NEUTRAL","1"
"Manchester","NEUTRAL","1"
"Vevey, Switzerland","NEUTRAL","1"
"Adelboden","NEUTRAL","1"
"Brüttisellen, Switzerland","NEUTRAL","1"
"Küttigen","NEUTRAL","8"
"Wohlen (AG), Aargau","NEUTRAL","22"
"Scuol, Schweiz","NEUTRAL","12"
"Al-Khobar","NEUTRAL","1"
"Oberwil, Schweiz","NEUTRAL","2"
"Fribourg, CH","NEUTRAL","1"
"Stettlen","NEUTRAL","1"
"Rapperswil-Jona, Schweiz","NEUTRAL","4"
"Zürich, Schweiz / UK","NEUTRAL","2"
"elfingen, switzerland","NEUTRAL","1"
"Brig","NEUTRAL","131"
"Langenthal","NEUTRAL","19"
"Nähe Bern, Schweiz","NEUTRAL","33"
"Zurich, Schweiz","POSITIVE","8"
"Oberrohrdorf","NEUTRAL","2"
"Next to Carmen Sandiego & ZRH","POSITIVE","1"
"Lucerne, Gunzwil","NEUTRAL","2"
"Ebertswil, Switzerland","NEUTRAL","1"
"Riehen","NEUTRAL","30"
"Aadorf","POSITIVE","1"
"Brügglifeld, Aarau","NEUTRAL","15"
"Basle, Basel City","POSITIVE","1"
"Assen, The Netherlands","NEUTRAL","1"
"Zurich, Dortmund, Barcelona","POSITIVE","1"
"Zürich, Schweiz, Europa, Erde","NEUTRAL","38"
"Uster, Schweiz","NEUTRAL","21"
"Берн, Швейцария","NEUTRAL","1"
"Friedenau, Berlin, Germany","NEUTRAL","3"
"8304 Wallisellen, Zürich","NEUTRAL","1"
"Schweiz","NEUTRAL","5459"
"Celerina","NEUTRAL","3"
"Zürichsee, Schweiz","NEUTRAL","8"
"Luzern, Schweiz","POSITIVE","7"
"Zurich, Suisse","POSITIVE","1"
"dübendorf","NEUTRAL","1"
"Talkessel Schwyz, Switzerland","NEUTRAL","1"
"Root LU","NEUTRAL","2"
"Gebiet ohne Netzabdeckung, SH","NEUTRAL","55"
"Interlaken, Switzerland","NEUTRAL","4"
"Basle, Switzerland","NEUTRAL","4"
"St. Moritz","NEUTRAL","14"
"Zürich, Niederglatt","NEUTRAL","1"
"Zürich, Kreis 5","NEUTRAL","10"
"Luzern, CHE","NEUTRAL","11"
"Village of the Damned, Schweiz","NEUTRAL","1"
"Atlántica","NEUTRAL","1"
"Schaffhausen, CH","NEUTRAL","3"
"spiez, schweiz","NEUTRAL","1"
"Schweiz, Schaffhausen","NEUTRAL","7"
"Sby - Bgr","NEUTRAL","1"
"Ligerz, Switzerland","NEUTRAL","1"
"Klosterneuburg","NEUTRAL","1"
"Apes,Melina,Ju,Luca,Lou,Ks","POSITIVE","2"
"Sissach, Basel-Land","NEUTRAL","1"
"Halfway over the Sarchasm","NEGATIVE","1"
"Ennetbaden, Schweiz","NEUTRAL","1"
"Graubünden (Switzerland)","NEUTRAL","1"
" Swiss - Zurich - Dietikon","NEUTRAL","4"
"Urdorf","NEUTRAL","4"
"CH-St. Gallen","NEUTRAL","1"
"Wohlen, Schweiz","NEUTRAL","1"
"Aargau, Schweiz","POSITIVE","4"
"Gryffindor","NEUTRAL","18"
"Asunción - Paraguay","NEUTRAL","1"
"Goldau","NEUTRAL","1"
"Etziken - Switzerland","NEUTRAL","1"
"Bern ⇄ Zürich, Schweiz","NEUTRAL","4"
"Wildhaus","NEUTRAL","10"
"Lucerne, switzerland","NEUTRAL","29"
"Bex, Vaud","NEUTRAL","1"
"Ticino, Córdoba","NEUTRAL","1"
"Bern, Zürich, Schweiz, Suisse","NEUTRAL","5"
"Barcelona","NEUTRAL","3"
"Verl","NEUTRAL","1"
"Muri bei Bern, Schweiz","NEGATIVE","2"
"Zürich city, Switzerland","NEUTRAL","1"
"Thurgau, Schweiz","NEGATIVE","3"
"Helvetia","NEUTRAL","7"
"Madiswil, Bern, Schweiz","NEUTRAL","2"
"Coworking @zentrale_ffm / FRA","NEUTRAL","1"
"Magyarország","NEUTRAL","3"
"Kuhdorf, Schweiz","NEUTRAL","6"
"Basel, Klybeck/Kleinhüningen","NEUTRAL","1"
"CH,BS","NEGATIVE","1"
"Rüti, Zürich, Schweiz","NEUTRAL","2"
"Pfyn, Switzerland","POSITIVE","1"
"ZH","NEUTRAL","1"
"Zürich , Wien & Stuttgart","NEUTRAL","1"
"Bern, Schweiz, Stade de Suisse","NEGATIVE","1"
"Zurich","POSITIVE","187"
"Bern","POSITIVE","34"
"Wattwil, Schweiz","NEUTRAL","2"
"Luzern, Zentralschweiz","POSITIVE","1"
"Sissach BL, Switzerland","NEUTRAL","5"
"Zurich, Schwitzerland","NEUTRAL","2"
"London, England","NEUTRAL","4"
"Genève, CH","NEUTRAL","1"
"Jade Thirlwall ♡","NEUTRAL","1"
"Zürich, Switzerland","NEUTRAL","744"
"Wernetshausen","NEUTRAL","1"
"Thun, Switzerland","NEUTRAL","60"
"Dübendorf, Switzerland","NEUTRAL","1"
"Stäfa, Switzerland","NEUTRAL","3"
"Bauma","NEUTRAL","2"
"Meggen, Schweiz","NEUTRAL","105"
"TheVace","POSITIVE","1"
"Rubigen","POSITIVE","1"
"Bern-Berner Oberland, Schweiz","NEUTRAL","1"
"Zurich - Paris - Hamburg","NEUTRAL","1"
"frauenfeld","NEUTRAL","1"
"Basel City, Switzerland","NEUTRAL","7"
"Rüttenen, Solothurn","NEUTRAL","13"
"Herisau","POSITIVE","4"
"Zürich","NEGATIVE","10"
"de la france à la suisse","NEUTRAL","1"
"Schweiz, Seetal","NEUTRAL","6"
"Deutschland,Holstein,Segeberg","NEUTRAL","8"
"Dürnten, Schweiz","NEUTRAL","2"
"Zürich, Praha, Lednice","NEUTRAL","1"
"Meilen, Schweiz","NEUTRAL","1"
"Genève","NEUTRAL","9"
"Berna, Svizzera","NEUTRAL","7"
"Belp, Bern","NEUTRAL","2"
"Lenzburg, Aargau","NEUTRAL","1"
"Arosa","NEUTRAL","9"
"Bern, Schweiz - Switzerland","NEUTRAL","5"
"Zurich, New York","NEUTRAL","5"
"Kirchberg BE","NEUTRAL","1"
"Olten, Switzerland","NEUTRAL","10"
"Waedenwil, Switzerland","NEUTRAL","1"
"Uri, Schweiz","NEUTRAL","4"
"Laufen","NEUTRAL","2"
"lausanne","NEUTRAL","1"
"Muri (AG), Schweiz","NEUTRAL","1"
"Basel, Switzerland","NEUTRAL","544"
"Frecher Geist weht, wo er will","NEUTRAL","15"
"zürich, schweiz","NEUTRAL","43"
"Münsterlingen, Schweiz","NEUTRAL","3"
"Gerlafingen","NEUTRAL","2"
"Zürich, Switzerland.","NEUTRAL","32"
"Schönenwerd","NEUTRAL","1"
"Schoren, Langenthal","NEUTRAL","2"
"Graduate Institute, Geneva","NEUTRAL","1"
"küttigen","NEUTRAL","4"
"Turicum","NEUTRAL","19"
"SWITZERLAND","NEUTRAL","22"
"Neuchâtel","NEUTRAL","14"
"Basel, CHE","NEUTRAL","1"
"Untersiggenthal, Aargau","NEUTRAL","7"
"Speicher AR, Schweiz","POSITIVE","2"
"Rorschach","NEUTRAL","2"
"Schlieren","NEUTRAL","6"
"Basel, Switzerland (Europe)","NEUTRAL","1"
"Dietikon","POSITIVE","1"
"St. Gallen","NEUTRAL","215"
"Ostholstein, SH, Germany","POSITIVE","21"
"Bülach, Schweiz","NEUTRAL","18"
"Fägswil, Switzerland","NEUTRAL","1"
"4500 Solothurn, Switzerland","NEUTRAL","2"
"Maienfeld GR","NEUTRAL","1"
"Grindelwald","NEUTRAL","8"
"Langenthal, Schweiz","NEUTRAL","6"
"Doha, Qatar","NEUTRAL","1"
"Seeland, Bern, Freiburg","NEUTRAL","3"
"Lausen, Switzerland, Earth","NEUTRAL","1"
"Liestal, Baselland, Schweiz","NEUTRAL","2"
"alpnach","NEUTRAL","1"
"berna","NEUTRAL","5"
"Zurich, CH","NEUTRAL","1"
"Gstaad","POSITIVE","1"
"Reinach","POSITIVE","7"
"Swissgrid 630 000 / 269 000","NEUTRAL","4"
"Zugerstr. 77,6340 Baar,Schweiz","NEUTRAL","1"
"Oberwallis","POSITIVE","3"
"Out and about","NEUTRAL","1"
"Meiringen","NEUTRAL","2"
"Birsfelden","NEUTRAL","1"
"Etziken, Solothurn","POSITIVE","1"
"Regensdorf","NEUTRAL","5"
"Steffisburg, Schweiz","NEUTRAL","3"
"SWITZERLAND,SWEDEN","NEUTRAL","1"
"sms@rebell.tv","POSITIVE","2"
"Lausen, Schweiz","NEUTRAL","1"
"Schenkon","POSITIVE","1"
"Regio Basiliensis","NEUTRAL","21"
"Switzerland, 8856 Tuggen","NEUTRAL","3"
"Gosau, Austria","NEUTRAL","1"
"Burgdorf, Schweiz","NEUTRAL","6"
"Rafz, Switzerland","NEUTRAL","1"
"Uttigen","NEUTRAL","1"
"ZRH, Switzerland","NEUTRAL","6"
"Zürich, Suisse","NEUTRAL","6"
"ZURICH","NEUTRAL","3"
"Winterthur, Schweiz","POSITIVE","4"
"★♡★Zürich★♡★","NEUTRAL","5"
"Windisch","NEUTRAL","3"
"Walkringen, Schweiz","NEUTRAL","2"
"idris","NEUTRAL","2"
"Hogwarts","NEUTRAL","2"
"Kanton Zürich, Schweiz","NEUTRAL","3"
"Wetzikon, Schweiz","NEUTRAL","45"
"Pilzkönigreich","NEUTRAL","1"
"Zürich Schweiz","NEUTRAL","1"
"Chur, Khur","POSITIVE","1"
"Hergiswil","NEUTRAL","1"
"Uster, Switzerland","NEUTRAL","1"
"Geneve","NEUTRAL","1"
"Kreuzlingen, Thurgau","NEUTRAL","2"
"basel, switzerland","NEUTRAL","3"
"Europe (and Israel)","NEUTRAL","1"
"Dichterpfarrer, Lützelflüh","NEUTRAL","1"
"Biel-Bienne, Switzerland","NEUTRAL","5"
"Aarberg, Schweiz","NEUTRAL","3"
"Guadalajara","NEUTRAL","2"
"Schaffhausen","NEGATIVE","1"
"Basel","NEGATIVE","6"
"Froideville","NEUTRAL","16"
"Brigels, Graubünden","NEUTRAL","1"
"Bern (Schweiz)","NEUTRAL","1"
"Biel/Bienne","NEUTRAL","9"
"Muhen, Switzerland","NEUTRAL","16"
"Zollikon","NEUTRAL","1"
"Rotkreuz ZG, Switzerland","NEUTRAL","2"
"Zigerschlitz","NEUTRAL","1"
"Cydonia,USE","NEUTRAL","1"
"Männedorf","NEUTRAL","1"
"UK, but travels","NEUTRAL","2"
"Ebikon","NEUTRAL","1"
"Emmenbrücke","NEUTRAL","1"
"Grenchen","POSITIVE","1"
"Zürich, Istanbul","NEUTRAL","1"
"None","POSITIVE","21"
"Bezirk Baden, Aargau, Schweiz","NEUTRAL","10"
"ju","NEUTRAL","1"
"zurich","POSITIVE","1"
"ÜT: 41.413283,2.14337","NEUTRAL","1"
"Fribourg","NEUTRAL","64"
"Regensdorf, Switzerland","NEUTRAL","1"
"Sargans, Schweiz","NEUTRAL","19"
"Switzerland, near Zurich","NEUTRAL","4"
"Dietikon, Schweiz","POSITIVE","6"
"Eschenbach","NEUTRAL","25"
"Aarburg","NEUTRAL","3"
"Geneva, HK, Philadelphia, KWSK","NEUTRAL","2"
"Benken SG, Schweiz","NEUTRAL","3"
"Morges, Switzerland","NEUTRAL","2"
"Pfäffikon SZ, Switzerland","NEUTRAL","2"
"Visp, Wallis","NEUTRAL","1"
"Baden AG","NEUTRAL","1"
"Baden-WürttemberDE, Lörrach","NEUTRAL","1"
"CH","NEUTRAL","269"
"Zürich, Lausanne, Paris","NEUTRAL","9"
"Scherzingen, Schweiz","NEUTRAL","1"
"Emmetten, Nidwalden","NEUTRAL","6"
"Riederalp, Switzerland","NEUTRAL","3"
"Lausanne, Vaud","NEUTRAL","4"
"Opfikon, Schweiz","NEUTRAL","1"
"Steffisburg, CH","NEUTRAL","1"
"Muttenz, Schweiz","NEUTRAL","31"
"Buochs","NEUTRAL","4"
"Windisch, Schweiz","NEUTRAL","1"
"Solothurn, Biberist","NEUTRAL","1"
"New York City","NEUTRAL","3"
"Rheinland-Pfalz / GERMANY/","NEUTRAL","1"
"Sempach Station, Switzerland","NEUTRAL","1"
"Anápolis","NEUTRAL","1"
"Sankt Gallen, Schweiz","NEUTRAL","80"
"Winterthur, Zürich","POSITIVE","4"
"Bad Zurzach, Switzerland","NEUTRAL","9"
"Biel, Switzerland","NEUTRAL","26"
"Schmiedengasse 13, Solothurn","NEUTRAL","3"
"ZH, Schweiz","POSITIVE","1"
"Ittigen, Switzerland","NEUTRAL","1"
"Quartiers Nord, Genève","NEUTRAL","1"
"Rotterdam, The Netherlands","NEUTRAL","1"
"Zürich, Bern/Burgdorf","NEUTRAL","2"
"Schweiz, Deutschland","POSITIVE","1"
"Zürich, Rüti (ZH)","NEUTRAL","1"
"internet, Switzerland","NEUTRAL","1"
"Chamoson","NEUTRAL","1"
"Schaffhausen","NEUTRAL","94"
"Suisse ⛄","NEUTRAL","3"
"Pontresina","NEUTRAL","2"
"Feuerthalen","NEUTRAL","1"
"Überstorf, Switzerland","NEUTRAL","2"
"Jura, Basel-Süd, Zürich-West","NEUTRAL","14"
"Kaufleuten, Zürich","NEUTRAL","6"
"Now: UK • Next: Japan","NEUTRAL","2"
"Zurich, Suisse","NEGATIVE","1"
"Wetzikon","POSITIVE","3"
"Dielsdorf, Switzerland","NEUTRAL","16"
"Urtenen-Schönbühl, Bern","NEUTRAL","1"
"SWiTZERLAND","NEUTRAL","1"
"Switzerland, Pfäffikon","POSITIVE","1"
"Frauenfeld, Switzerland","POSITIVE","1"
"Switzerland, Itingen","NEUTRAL","1"
"Suisse","NEUTRAL","49"
"Teufen, Schweiz","NEUTRAL","2"
"Zug","POSITIVE","5"
"Eskişehir - İstanbul","NEUTRAL","1"
"Sisseln, Switzerland","NEUTRAL","8"
"Wetzikon, CH","NEUTRAL","1"
"AG , organisation privée","NEUTRAL","1"
"Zürich, Wien, Berlin","POSITIVE","1"
"Zürich, Berlin, Cologne","NEUTRAL","1"
"egg","NEUTRAL","8"
"Chur, Switzerland","NEUTRAL","60"
"Zweibrücken","NEUTRAL","28"
"Tiefstes Aargau, Schweiz","POSITIVE","1"
"Zürich, Schweiz❤","NEUTRAL","14"
"Zürich, Swtzerland","NEUTRAL","1"
"Apes,Melina,Ju,Luca,Lou,Ks","NEGATIVE","1"
"St. Moritz, Switzerland","NEUTRAL","2"
"Biel, Schweiz","NEUTRAL","3"
"Einsiedeln","NEUTRAL","6"
"Klöntal, Switzerland","NEUTRAL","2"
"eight oh fo'","NEUTRAL","1"
"In Baden und rundherum ...","NEUTRAL","2"
"Schübelbach","POSITIVE","1"
"Turbenthal, Schweiz","NEUTRAL","1"
"Dornach","NEUTRAL","28"
"restless","NEUTRAL","2"
"Mönchaltorf","NEUTRAL","2"
"Neuhausen am Rheinfall","NEUTRAL","23"
"Widen AG (Schweiz)","NEUTRAL","51"
"Zürich, Schweiz (still german)","NEUTRAL","21"
"Arouca","NEUTRAL","1"
"Thun, Zürich, Schweiz","NEUTRAL","5"
"Schmitten (FR), Schweiz","POSITIVE","1"
"In ma ville exklusive","NEUTRAL","1"
"Solothurn, Schweiz/Switzerland","POSITIVE","1"
"Rheinfelden","NEUTRAL","13"
"Bern, Schweiz","NEUTRAL","405"
"Switzerland/Basel,Brugg,Olten","NEUTRAL","5"
"Stans, Switzerland","NEUTRAL","2"
"Europe","NEUTRAL","4"
"uri","NEUTRAL","1"
"Eastern, Kingdom of Saudi Arabia","NEUTRAL","2"
"Kreuzlingen, Zentrum, Bodensee","NEUTRAL","2"
"Nantes et Nîmes","NEUTRAL","1"
"Pieterlen","POSITIVE","2"
"Worblaufen, Schweiz","NEUTRAL","2"
"Chur/Schwaderloch","NEUTRAL","1"
"Watt","NEUTRAL","1"
"St.Gallen, Switzerland","NEUTRAL","4"
"Wetzikon, Zürcher Oberland","NEUTRAL","2"
"Sachseln","NEUTRAL","8"
"Zurich","NEGATIVE","2"
"Deutschland / Schweiz","NEUTRAL","2"
"Flims","NEUTRAL","1"
"Schweiz, Albanien","NEUTRAL","1"
"Nidwalden, Schweiz","NEUTRAL","1"
"Bern","NEGATIVE","1"
"Aarau","NEUTRAL","80"
"Schaffhausen, Switzerland","NEUTRAL","16"
"Schweiz, Zürich","NEUTRAL","19"
"NW, Germany","NEUTRAL","9"
"Allschwil, Switzerland","NEUTRAL","4"
"Kandersteg","NEUTRAL","1"
"switzerland","NEUTRAL","294"
"Bern, Berne","NEUTRAL","27"
"PromoMusik,Ch","NEUTRAL","1"
"Zermatt","NEUTRAL","7"
"Buchrain, Switzerland","NEUTRAL","1"
"outer spiral arm, milky way","POSITIVE","1"
"thalwil, zurich, switzerland","NEUTRAL","2"
"jb,ag,jano,lm","NEUTRAL","1"
"Schweiz, Europa, Erde","NEUTRAL","1"
"Grindelwald, Schweiz","NEUTRAL","6"
"Gurbrü, Bern","NEUTRAL","1"
"Dietlikon,Switzerland","NEUTRAL","1"
"Obfelden, Zürich","NEUTRAL","12"
"Schweiz, Freienbach","NEUTRAL","3"
"Mastrils, Schweiz","NEUTRAL","2"
"würenlos","NEUTRAL","141"
"Sankt Gallen, Switzerland","NEUTRAL","4"
"Geneva, Pale Blue Dot","NEUTRAL","56"
"Murten","NEUTRAL","14"
"Switzerland, Thurgau","NEUTRAL","4"
