"Luzern","NEUTRAL","3616"
"dahoam","NEUTRAL","2"
"Aarau.","NEUTRAL","4"
"Joinville SC","NEUTRAL","8"
"Freiburg","NEUTRAL","5"
"Zürich,Seebach","NEUTRAL","3"
"Uster","POSITIVE","5"
"Switzerland","POSITIVE","2578"
"schweiz/zh - schalkermarkt","NEUTRAL","3"
"the ocean","NEUTRAL","1"
"Zuerich, CH","NEUTRAL","1"
"Obergösgen","NEUTRAL","2"
"Schweiz Bülach ZH","NEUTRAL","10"
"Geneva Squad","NEUTRAL","1"
"Winterthur","POSITIVE","72"
"N 9°20.10' / E 123°18.05'","NEUTRAL","5"
"Valposchiavo (GR), Switzerland","NEUTRAL","1"
"DÇN / W'THUR","NEUTRAL","6"
"rüthi","NEUTRAL","3"
"earth.. sometimes..","NEUTRAL","1"
"Calgary, AB","NEUTRAL","1"
"Unterlunkhofen, Aargau","NEUTRAL","1"
"Pfäffikon, SZ","POSITIVE","3"
"Oberbipp","NEUTRAL","1"
"海外","NEUTRAL","1"
"Sursee","POSITIVE","2"
"Switzerland, Zuerich","NEUTRAL","1"
"Mainz","NEUTRAL","11"
"Saanen","NEUTRAL","87"
"Baden","NEUTRAL","1253"
"Baden-Württemberg, Germany","NEUTRAL","7"
"Seegräben","NEUTRAL","4"
"ɴᴇᴀʀ ᴢᴜʀɪᴄʜ, sᴡɪᴛᴢᴇʀʟᴀɴᴅ","NEUTRAL","1"
"Horw","NEUTRAL","1"
"Zürich, Basel","POSITIVE","1"
"Meilen","NEUTRAL","53"
"Svajcarska","NEUTRAL","18"
"Lucerne, Switzerland","NEUTRAL","9"
"Karlsruhe","NEUTRAL","23"
"Baden, Aargau","NEUTRAL","32"
"Muri AG - Schweiz","NEUTRAL","1"
"Köniz","NEUTRAL","2"
"Forum Hadriani","NEUTRAL","1"
"KT","NEUTRAL","1"
"Bern, Fribourg, Lausanne","NEUTRAL","18"
"Zurich City","POSITIVE","1"
"Thunstetten","NEUTRAL","1"
"City Circle, the Capitol","POSITIVE","1"
"Ramsen","NEUTRAL","1"
"Waldenburg","NEUTRAL","795"
"Schleitheim","NEUTRAL","5"
"Berikon, Schweiz","NEUTRAL","12"
"Bodensee","NEUTRAL","1"
"Chur, Graubünden","NEUTRAL","43"
"Ormalingen, Switzerland","POSITIVE","1"
"Global thinking","NEUTRAL","1"
"Zürich-Switzerland","NEUTRAL","1"
"Genève, Switzerland","NEUTRAL","2"
"Antwerpen, Belgium","NEUTRAL","1"
"You don't know :3","NEUTRAL","1"
"Frauenfeld","NEUTRAL","199"
"Willisau","NEUTRAL","11"
"Thun, Schweiz","POSITIVE","2"
"13.926748,100.506271","NEUTRAL","1"
"Western Catskills","NEUTRAL","1"
"C H U R","NEUTRAL","1"
"Portugal/Suíça","NEUTRAL","2"
"スイス","NEUTRAL","61"
"Neumarkt am Wallersee","NEUTRAL","2"
"SUI","NEUTRAL","2"
"Zurich what else?","POSITIVE","3"
"Tafers","NEUTRAL","1"
"Zürich & Zug / Schweiz","NEUTRAL","1"
"Biel","POSITIVE","4"
"69502","NEUTRAL","1"
"Berlin/Zürich","NEUTRAL","1"
"Le Mont-sur-Lausanne","NEUTRAL","1"
"London, UK.","NEUTRAL","1"
"Philadelphia, PA","NEUTRAL","1"
"Péron, France","NEUTRAL","1"
"Lausanne","NEUTRAL","376"
"links","NEUTRAL","36"
"None","NEGATIVE","9"
"spiez","NEUTRAL","15"
"47.417155,9.26309","NEUTRAL","2"
"Lustenau","NEUTRAL","1"
"Seattle, WA","NEUTRAL","3"
"Zernez","NEUTRAL","2"
"Zürichs","NEUTRAL","12"
"LJUS2","NEUTRAL","1"
"Loin d'ici","NEUTRAL","1"
"Bangkok City","NEUTRAL","1"
"Möhlin, Aargau","NEUTRAL","1"
"Dubai, UAE","NEUTRAL","4"
"Basel-Stadt","NEUTRAL","1"
"Hamburg / Germany","NEUTRAL","1"
"CH - 3439 Ranflueh, Ramisberg","NEUTRAL","1"
"Buchs","NEUTRAL","25"
"Roggliswil","NEUTRAL","4"
"Tages-Anzeiger, Zürich","NEUTRAL","1"
"Reutlingen","NEUTRAL","5"
"fr/ch/tn","NEUTRAL","1"
"Benztown Stuttgart","NEUTRAL","1"
"zurich, switzerland","NEUTRAL","1"
"Barcelona, Cataluña, España","NEUTRAL","1"
"Netherlands","NEUTRAL","1"
"Swiss","NEUTRAL","2385"
"iMac27/iPhone6/MBPro13/o|||||o","NEUTRAL","4"
"Zürich & unterwegs :-)","NEUTRAL","3"
"'Catcelona' - Logroño","NEUTRAL","1"
"São Paulo","NEUTRAL","2"
"Rietheim/Krefeld/Eischoll","NEUTRAL","2"
"Luzern CH","NEUTRAL","1"
"Earth","NEUTRAL","40"
"Bönigen; Bernese Oberland","NEUTRAL","11"
"luzern","NEUTRAL","8"
"Villars-sur-Glâne, Suisse","NEUTRAL","2"
"World","NEUTRAL","6"
"Thun","NEUTRAL","672"
"Brasil","NEUTRAL","9"
"İstanbul","NEUTRAL","2"
"Gotthard Base Tunnel, Swiss","NEUTRAL","1"
"Heilbronn","NEGATIVE","3"
"Schweiz und das Netz","NEUTRAL","1"
"Irving, TX","NEUTRAL","1"
"Melaka | Puchong","NEUTRAL","1"
"8488 Turbenthal, Schweiz","POSITIVE","12"
"dazwischen","NEUTRAL","1"
"Im wilden Süden ;-) !","NEUTRAL","3"
"Killwangen","NEUTRAL","1"
"Bülach","POSITIVE","14"
"Basel, Suiza","NEUTRAL","2"
"Stuttgart, Germany","NEUTRAL","2"
"ÜT: 50.809928,8.767535","NEUTRAL","2"
"Basel, Schweiz","POSITIVE","2"
"Zürich, Schweiz","NEUTRAL","242"
"Zürich x Bangkok","NEUTRAL","33"
"Oakland, CA","NEUTRAL","1"
"MURI, AG, Switzerland","NEUTRAL","1"
"Solothurn - Switzerland","NEUTRAL","4"
"Geneva/Zurich, Switzerland","NEUTRAL","3"
"Zürich/Switzerland","NEUTRAL","21"
"Freiburg, Schweiz","NEUTRAL","1"
"zürich","POSITIVE","2"
"Frankfurt","NEUTRAL","2"
"Baden-Württemberg","NEUTRAL","1"
"Arbon","NEUTRAL","4"
"Köln","NEUTRAL","3"
"San Diego • Zurich Switzerland","NEUTRAL","10"
"Jakarta, Indonesia","NEUTRAL","1"
"DE/Magdeburg","NEUTRAL","6"
"Kloten, Switzerland","NEUTRAL","2"
"Stans","NEUTRAL","115"
"Berlin West","NEUTRAL","1"
"Southern Germany","POSITIVE","8"
"Wien","NEUTRAL","2"
"mostly Switzerland","NEUTRAL","1"
"CH, Berne","NEUTRAL","1"
"Estonia, Tallinn","NEUTRAL","1"
"Kreuzlingen","NEUTRAL","29"
"Schwyz","NEUTRAL","50"
"Switzerland, Zürich","NEUTRAL","8"
"Fällanden, Zürich","NEUTRAL","1"
"Syracuse, NY","NEUTRAL","1"
"Rotkreuz","POSITIVE","1"
"3rd rock from sol, Menzingen","POSITIVE","22"
"elfingen, switzerland","POSITIVE","1"
"Neckarau, Mannheim","NEUTRAL","1"
"NeuOerlikon|Wallisellen|SkyKey","NEUTRAL","1"
"Sankt Gallen","NEUTRAL","932"
"Chur","NEUTRAL","1167"
"Zurich, Down Town Switzerland","POSITIVE","1"
"Brig","POSITIVE","4"
"Makati City","NEUTRAL","1"
"Bern / Chur","NEUTRAL","3"
"in my own fantasyworld","NEUTRAL","23"
"Bern und überall","NEUTRAL","2"
"Asuncion_ Paraguay","NEUTRAL","1"
"Kloten","NEUTRAL","1"
"LandOfLjubljana","NEUTRAL","1"
"Kriens, Luzern","NEUTRAL","21"
"always on stage","NEUTRAL","9"
"031","NEUTRAL","1"
"Zofingen / Switzerland","NEUTRAL","1"
"Uster, Schweiz","POSITIVE","1"
"Utrecht The Netherlands","NEUTRAL","1"
"Suhr","NEUTRAL","1"
"Romanshorn","NEUTRAL","26"
"Schweiz","POSITIVE","3206"
"Switzerland","NEGATIVE","131"
"Mellingen","NEUTRAL","1"
"Bruchsal, Baden-Württemberg","NEUTRAL","3"
"iPhone: 46.955950,8.386532","NEUTRAL","4"
"47.508722, 8.729956","NEUTRAL","1"
"iPhone: 46.314175,7.987316","NEUTRAL","3"
"Schweizerberge","NEUTRAL","3"
"Bremen","NEUTRAL","1"
"Adana-Kayseri","NEUTRAL","1"
"ZRH","NEUTRAL","30"
"Instagram @sarahrita81","NEUTRAL","1"
"Traben- Trarbach","NEUTRAL","1"
"Winterthur ZH","NEUTRAL","5"
"Winterthur","NEGATIVE","7"
"colmar","NEUTRAL","1"
"Flawil, Switzerland","NEUTRAL","2"
"Aigle","NEUTRAL","1"
"St. Gallen, Zürich, Lausanne","NEUTRAL","4"
"Newlands,Cape Town,SouthAfrica","NEUTRAL","1"
"Lucerne / Luzern","NEUTRAL","7"
"Bern, Zürich, Basel","NEUTRAL","32"
"cloud castle","NEUTRAL","4"
"Info RSI televisione svizzera","NEUTRAL","1"
"Karlsruhe/Heidelberg","NEUTRAL","1"
"All Over The Place","NEUTRAL","1"
"Geneva","NEUTRAL","272"
"St. Gallen & München","NEUTRAL","3"
"Ermatingen","NEUTRAL","2"
"Bern, CH","NEUTRAL","3"
"Louisville, KY","NEUTRAL","1"
"Zürich, St.Gallen, FF, MUC, HH","NEUTRAL","1"
"Bonn, Deutschland","NEUTRAL","1"
"35er, Berlin","NEUTRAL","1"
"Zuerich, Switzerland","POSITIVE","1"
"Kempten, Leipzig & the world","NEUTRAL","1"
"Bangalore","NEUTRAL","1"
"Lehrte (Germany)","NEUTRAL","1"
"Zurich Switzerland","NEUTRAL","14"
"Zeist, Nederland","NEUTRAL","2"
"Oberwil,Baselland, Switzerland","POSITIVE","1"
"Switzerland and Cape Town","NEUTRAL","3"
"Luzern & Meggen (Switzerland)","NEUTRAL","2"
"Switzerland | New York | Paris","NEUTRAL","4"
"lausanne - switzerland","NEUTRAL","1"
"Penumbria","NEUTRAL","5"
"Zumikon/Zurich/Switzerland","NEUTRAL","1"
"Freiburg, Bulle, Domdidier","NEUTRAL","1"
"aktuell: Biel, Bern","NEUTRAL","9"
"Ratzeburg, SH/Germany","POSITIVE","1"
"Tatooine/","NEUTRAL","1"
"Hochfelden","NEUTRAL","5"
"Dresden, Sachsen","NEUTRAL","7"
"Zürich, Switzerland","POSITIVE","5"
"Ulm","NEUTRAL","5"
"Banja Luka - Granada","NEUTRAL","2"
"Solothurn","NEGATIVE","1"
"Thun, Switzerland","POSITIVE","2"
"Zürich","POSITIVE","1319"
"Zürich, Badenerstrase 623","NEUTRAL","6"
"Solothurn, Switzerland","NEUTRAL","9"
"Murcia","NEUTRAL","1"
"München, Bayern","NEUTRAL","2"
"Lausanne, Suisse","NEUTRAL","3"
"13.753875,100.533068","NEUTRAL","4"
"Leeds","NEUTRAL","1"
"Karlsruhe, Baden-Württemberg","NEUTRAL","14"
"Goiânia, Goiás","NEUTRAL","9"
"Oberengstringen","NEUTRAL","9"
"Aesch BL","NEUTRAL","5"
"Langenthal BE, Schweiz","NEGATIVE","1"
"Lausanne, Switzerland","NEUTRAL","2"
"Genève","POSITIVE","4"
"Italia - Schweiz - România","NEUTRAL","1"
"Bavaria","NEUTRAL","1"
"Eastbourne","NEUTRAL","1"
"Davos","NEUTRAL","5"
"St. Gallen, Schweiz","NEUTRAL","17"
"Switzerland - France","NEUTRAL","21"
"Neuchâtel, Suisse","NEUTRAL","1"
"Schmerikon","NEUTRAL","3"
"Rapperswil","NEUTRAL","7"
"Olten, Switzerland","POSITIVE","3"
"Überall in der Welt","NEUTRAL","1"
"Basel, Switzerland","POSITIVE","3"
"Olten / Switzerland","NEUTRAL","1"
"Rüti, Zürich CH","NEUTRAL","5"
"Bangkok, Thailand","NEUTRAL","5"
"Bournemouth, GB/Basel, CH","NEUTRAL","3"
"Deutschland | Österreich | CH","NEUTRAL","1"
"Auenstein - Juwel im Universum","NEUTRAL","2"
"ÜT: 46.943891,7.431246","NEUTRAL","3"
"St. Gallen | Zürich | Lausanne","NEUTRAL","1"
"iPhone: 47.378956,8.535338","NEUTRAL","17"
"St Gallen, Switzerland","NEUTRAL","13"
"Hannover","NEUTRAL","3"
"Altenmarkt im Pongau","NEUTRAL","1"
"Friedrichshafen, GER","NEUTRAL","1"
"Wollerau, Schwyz","NEUTRAL","1"
"Bellwald","NEUTRAL","1"
"SWITZERLAND","POSITIVE","1"
"Turicum","POSITIVE","2"
"St. Gallen","POSITIVE","225"
"Davos Klosters","NEUTRAL","4"
"Married to success","NEUTRAL","1"
"Istanbul","NEUTRAL","4"
"Everywhere celebs are","NEUTRAL","1"
"Winterthur, Switzerland","NEUTRAL","54"
"Bremerhaven","NEUTRAL","32"
"Bellevue, Zurich","NEUTRAL","2"
"University of Fribourg","NEUTRAL","1"
"Chester/Liverpool","NEUTRAL","2"
"New York","NEUTRAL","3"
"Kaiserslautern","NEUTRAL","3"
"bern","NEUTRAL","1"
"Ebikon, LU - Switzerland","POSITIVE","1"
"Delémont","NEUTRAL","1"
"Suiza","NEUTRAL","45"
"Goldach","NEUTRAL","1"
"Bern - Bärn - Suisse","NEUTRAL","6"
"Kreuzlingen, St Gallen","NEUTRAL","3"
"San Franlandia","NEUTRAL","5"
"Siebnen / Switzerland","NEUTRAL","2"
"Frankfurt und Berlin","NEUTRAL","1"
"Freiburg - Fribourg","NEUTRAL","11"
"Belp (Schweiz)","NEUTRAL","1"
"here, there, sometimes neither","NEUTRAL","3"
"Zurich what else?","NEUTRAL","16"
"München","NEUTRAL","24"
"Zurich, Switzerland","NEUTRAL","350"
"Regio Basiliensis","POSITIVE","10"
"8488 Turbenthal, Schweiz","NEGATIVE","2"
"Republic of Slovenia","NEUTRAL","29"
"Europa","NEUTRAL","2"
"Southern Germany (✈️ FDH)","NEUTRAL","1"
"Brugg","NEUTRAL","85"
"Interlaken","NEUTRAL","582"
"Bülach","NEGATIVE","1"
"Bodenseekreis","NEUTRAL","42"
"★♡★Zürich★♡★","POSITIVE","5"
"Berlin, Germany","NEUTRAL","4"
"Stutensee / Hamburg","NEUTRAL","1"
"Zollikon, Zürich","NEUTRAL","1"
"Schweiz, Bern","NEUTRAL","2"
"Sakonnakhon , Thailand","NEUTRAL","2"
"Basel, Schweiz","NEGATIVE","1"
"Unterseen, Bern","POSITIVE","1"
"Basel Switzerland","POSITIVE","1"
"Vaumarcus, Neuchâtel","NEUTRAL","1"
"Seattle Washington","NEUTRAL","3"
"Bremgarten","NEUTRAL","37"
"Bern (Switzerland)","NEUTRAL","64"
"Bern (Schweiz/Switzerland)","NEUTRAL","2"
"Bern (Schweiz)","POSITIVE","2"
"Hinwil","NEUTRAL","5"
"Zürich • Bern • Lausanne","NEUTRAL","1"
"ZÜRICH","NEUTRAL","1"
"Ñuñoa","NEUTRAL","1"
"Disentis/Mustér, Graubünden","NEUTRAL","6"
"Biel/Bienne","POSITIVE","9"
"Bristol, yer?","NEUTRAL","1"
"Singen (Hohentwiel) / Zürich","NEUTRAL","2"
"Slovakia","NEUTRAL","1"
"Scottsdale, AZ & Coronado, CA","NEUTRAL","1"
"UAE _ DUBAI","NEUTRAL","4"
"Sankt Galler Rheintal","POSITIVE","4"
"Bremgarten bei Bern, Schweiz","NEUTRAL","2"
"Basel, Basel-Stadt","NEUTRAL","5"
"1220","NEUTRAL","1"
"Atlanta, GA","NEUTRAL","1"
"Darmstadt, Germany","NEUTRAL","1"
"iPhone: 47.785831,13.064665","NEUTRAL","1"
"München, Deutschland","NEUTRAL","1"
"Zuerich","NEUTRAL","491"
"Zürcher Unterland","NEUTRAL","53"
"Haya AL-HadhRam","NEUTRAL","1"
"Les Evouettes","NEUTRAL","1"
"Wolframs-Eschenbach","NEUTRAL","1"
"Snapchat: luca4133","NEUTRAL","16"
"Fribourg","POSITIVE","5"
"CH","POSITIVE","172"
"Wolftopia","NEUTRAL","3"
"Riggisberg","NEUTRAL","2"
"Fricktal Switzerland","POSITIVE","2"
"bettbettbettbettbettbettbettbettbettbettbett","NEUTRAL","5"
"Aljaraque, Huelva","NEUTRAL","1"
"Zug & Bern, CH; Hong Kong ✈︎","POSITIVE","2"
"Olten","NEUTRAL","576"
"Buochs","POSITIVE","1"
"Heidelberg, Germany","NEUTRAL","2"
"Baden-Baden, Baden-Württemberg","POSITIVE","3"
"Hope world","NEUTRAL","5"
"Neuenegg","NEUTRAL","1"
"Stuttgart - Germany","NEUTRAL","4"
"Bad Zurzach, Switzerland","POSITIVE","12"
"Solothurn/Zurich Switzerland","NEUTRAL","2"
"Martinique","NEUTRAL","1"
"Russia","NEUTRAL","1"
"SwissGirl ❤","NEUTRAL","3"
"مارك اندولت Ромбах ☪☸e✡i☯† ⚣⚥⚢","NEUTRAL","29"
"Aarau-Switzerland Zurich Area","NEUTRAL","1"
"Heidelberg, Baden-Württemberg","POSITIVE","1"
"Verbier, Switzerland","NEUTRAL","1"
"Winterthur / Switzerland","NEUTRAL","1"
"Schweiz","NEGATIVE","138"
"Baden, Schweiz","NEUTRAL","13"
"Horw - Heart of Switzerland","POSITIVE","1"
"Suisse ⛄","POSITIVE","4"
"Zürich, Bern, Basel","NEUTRAL","8"
"at the end of a rainbow....","NEUTRAL","1"
"Zofingen","NEUTRAL","148"
"Liestal","NEUTRAL","359"
"Suisse","POSITIVE","17"
"Schönbühl","NEUTRAL","35"
"47.419852,9.370023","NEUTRAL","17"
"Murcia, Spain.","NEUTRAL","1"
"Singapore","NEUTRAL","2"
"MKT ✈️ NYC","NEUTRAL","1"
"Yellow brick road, today in CH","NEUTRAL","2"
"Gesamte Schweiz","NEUTRAL","2"
"Northern Virginia","NEUTRAL","1"
"Chur, Switzerland","POSITIVE","4"
"in my world","NEUTRAL","3"
"Bristol, UK","NEUTRAL","1"
"13.593553,100.411736","NEUTRAL","1"
"Glarus","NEUTRAL","60"
"Lucerne","NEUTRAL","269"
"Ems, Graubünden","NEUTRAL","16"
"Zürich , Switzerland","NEUTRAL","7"
"Buochs/NW","NEUTRAL","4"
"Hochfelden & Rümlang","NEUTRAL","2"
"In Baden und rundherum ...","POSITIVE","3"
"Einsiedeln","POSITIVE","1"
"Thun, Zürich, Schweiz","POSITIVE","3"
"Bern / Switzerland","NEUTRAL","8"
"Rüegsauschachen","NEUTRAL","2"
"Thalwil","NEUTRAL","1"
"Widen AG (Schweiz)","POSITIVE","5"
"Wallisellen, Schweiz","NEUTRAL","1"
"Altdorf","NEUTRAL","169"
"Svizzera","NEUTRAL","15"
"Chur, Graubünden, Schweiz","NEUTRAL","12"
"#Basel (Switzerland)","NEUTRAL","21"
"Stellenbosch","NEUTRAL","1"
"Görwihl","NEUTRAL","1"
"Tentlingen/Switzerland","POSITIVE","1"
"Rheinfelden","POSITIVE","4"
"Bern, Schweiz","POSITIVE","1"
"Worldwide","NEUTRAL","9"
"Reutlingen & Hamburg","NEUTRAL","2"
"Makkah","NEUTRAL","10"
"Stuttgart Germany/Eringerfeld","NEUTRAL","1"
"Stans, Nidwalden","NEUTRAL","1"
"Belo Horizonte-MG","NEUTRAL","1"
"Aarau","POSITIVE","42"
"Bern, Thun","NEUTRAL","5"
"Rhäzüns & Untervaz","NEUTRAL","1"
"Zürich, Switzerland","NEGATIVE","1"
"Bonn, Germany","NEUTRAL","3"
"Panama","NEUTRAL","3"
"Hinwil, Switzerland","NEUTRAL","1"
"Essex, UK","NEUTRAL","1"
"Buchrain, Switzerland","POSITIVE","49"
"Cloppenburg","NEUTRAL","1"
"London & Switzerland","POSITIVE","1"
"switzerland","POSITIVE","10"
"Weenperiale Flotte","NEUTRAL","36"
"Mumbai","NEUTRAL","4"
"W-Bärn.","NEUTRAL","1"
"Glarus City","NEUTRAL","2"
"Switzerland & Ghana","NEUTRAL","2"
"Affoltern am Albis","NEUTRAL","8"
"UK, Midlands","NEUTRAL","1"
"Evolène","NEUTRAL","2"
"knutsford/cheshire","NEUTRAL","1"
"Baden (CH)","POSITIVE","1"
"Laufenburg","NEUTRAL","47"
"Rostock","NEUTRAL","14"
"Concerts.","NEUTRAL","2"
"Entre Donosti y Munilla","NEUTRAL","1"
"Arisdorf, Schweiz","NEUTRAL","2"
"Thunersee !!","NEUTRAL","3"
"A","NEUTRAL","1"
"ned Zöri","NEUTRAL","1"
"Luzern","POSITIVE","104"
"Dielsdorf","NEUTRAL","23"
"Markdorf","NEUTRAL","4"
"Haigerloch","NEUTRAL","1"
"Lyon","NEUTRAL","2"
"Windisch CH","NEUTRAL","1"
"Zuerich, Switzerland","NEUTRAL","12"
"Thurgau, Schweiz","NEUTRAL","4"
"Tübingen, Germany","NEUTRAL","1"
"St. Gallen","NEGATIVE","5"
"Bern, Switzerland","NEUTRAL","137"
"Zurich, Moscow & The World","NEUTRAL","1"
"Mannheim, Neuland","NEUTRAL","1"
"Mägenwil","NEUTRAL","1"
"Rapperswil-Jona, Sankt Gallen","NEUTRAL","1"
"Arkansas","NEUTRAL","1"
"solothurn- schweiz","NEUTRAL","2"
"Svizra","NEUTRAL","4"
"Ebikon, LU - Switzerland","NEGATIVE","1"
"Köln, Nordrhein-Westfalen","NEUTRAL","6"
"Unterlunkhofen, Aargau","POSITIVE","4"
"Playa del Carmen, Mexico","NEUTRAL","1"
"Puerto Rico, Misiones. ARG","NEUTRAL","1"
"Kerns","NEUTRAL","2"
"Stuttgart / Tübingen","NEUTRAL","1"
"Pfäffikon","NEUTRAL","5"
"Baden","POSITIVE","37"
"Seegräben","POSITIVE","1"
"Muri bei Bern","NEUTRAL","2"
"Meilen","POSITIVE","2"
"Hamburg & Berlin","NEUTRAL","1"
"Veltheim","NEUTRAL","3"
"Schwiz","NEUTRAL","1"
"Lenzburg","NEUTRAL","596"
"Zürich","NEUTRAL","42877"
"Svajcarska","POSITIVE","2"
"Karlsruhe","POSITIVE","1"
"Geneva, Switzerland","NEUTRAL","2"
"CH - 8267 Berlingen","NEUTRAL","4"
"Nussbaumen AG / Buchs AG","NEUTRAL","1"
"Lucerne, Switzerland","POSITIVE","1"
"252","NEUTRAL","2"
"Rianxo/Bueu","NEUTRAL","4"
"Rome","NEUTRAL","1"
"United States","NEUTRAL","1"
"Prévessin,France/Huddersfield","NEUTRAL","1"
"Frutigen","NEUTRAL","19"
"Rheinfelden & Basel, Schweiz","POSITIVE","1"
"Perú","NEUTRAL","1"
"Woodward Skate Camp/ UiTMPP","NEUTRAL","1"
"Hägendorf, Solothurn","NEUTRAL","1"
"Mannheim, Baden-Württemberg","NEUTRAL","9"
"Biberist","NEUTRAL","2"
"Balgach","NEUTRAL","2"
"in qualche parte del mondo","NEUTRAL","1"
"Waldenburg","POSITIVE","16"
"Niffer, Alsace","NEUTRAL","1"
"Switzerland, Zurich","NEUTRAL","1"
"W̶e̶i̶m̶a̶r̶ ̶ Zürich","NEUTRAL","4"
"Kölliken & Zürich","NEUTRAL","2"
"Frauenfeld","POSITIVE","3"
"Rorschach, Switzerland","NEUTRAL","1"
"Switzerland / UK","NEUTRAL","1"
"Suïssa","NEUTRAL","7"
"Germany","NEUTRAL","33"
"Kestenholz - Jurasüdfuss","NEUTRAL","3"
"スイス","POSITIVE","12"
"Zurich / Switzerland","NEUTRAL","3"
"CT,","NEUTRAL","1"
"Schüpfheim","NEUTRAL","4"
"Manchester, UK","NEUTRAL","1"
"Mannheim - GER","NEUTRAL","2"
"Appenzell","NEUTRAL","20"
"Lausanne","POSITIVE","8"
"links","POSITIVE","3"
"worldwide","NEUTRAL","1"
"Munich | Bavaria | Germany","NEUTRAL","1"
"Kim Keat SG; Bacolod City Phil","NEUTRAL","1"
"Cba, Spain","NEUTRAL","1"
"Liestal, Basel-Land","NEUTRAL","1"
"#ᴀᴅᴅɪсᴛᴇᴅᴛoғooᴛʙᴀʟʟ ♡","NEUTRAL","1"
"Ebikon, LU - Switzerland","NEUTRAL","11"
"Hamburg | Luzern","NEUTRAL","7"
"züri","NEUTRAL","1"
"Horgen,Schweiz","NEUTRAL","1"
"Liverpool","NEUTRAL","6"
"Grappenhall, UK","NEUTRAL","1"
"CH","NEGATIVE","14"
"Baden-Baden","NEUTRAL","23"
"Berner Oberland","NEUTRAL","2"
"Glarus, Schweiz","NEUTRAL","3"
"Mannheim","NEUTRAL","46"
"baden, schweiz","NEUTRAL","1"
"Fricktal Switzerland","NEGATIVE","1"
"Mexico","NEUTRAL","4"
"Morges","NEUTRAL","1"
"gallifrey","NEUTRAL","1"
"Rapperswil, Switzerland","NEUTRAL","79"
"Auenstein, Aargau, Schweiz","NEUTRAL","3"
"Bern / Schönbühl","NEUTRAL","1"
"Castilwhite Sevilla Madrid","NEUTRAL","1"
"Swiss","POSITIVE","15"
"CH-Zürich","NEUTRAL","1"
"St. Gallen, Switzerland","NEUTRAL","5"
"Bienne","NEUTRAL","1"
"Heidelberg - Karlsruhe","NEUTRAL","1"
"Karlsruhe, Germany","NEUTRAL","39"
"ZERMATT SWITZERLAND","NEUTRAL","1"
"Valais, Suisse","NEUTRAL","2"
"hier und online","POSITIVE","2"
"Bönigen; Bernese Oberland","POSITIVE","2"
"wrapping, installer, teacher,","NEUTRAL","1"
"Basel","NEUTRAL","14878"
"Thun","POSITIVE","59"
"Friedrichshafen","NEUTRAL","1"
"Baden, Switzerland","NEUTRAL","2"
"Marly","NEUTRAL","6"
"/usr/home/rixlabs/myApp/public","NEUTRAL","1"
"Samedan","NEUTRAL","2"
"Montreal","NEUTRAL","2"
"unterwegs im zug","NEUTRAL","1"
"Im wilden Süden ;-) !","POSITIVE","4"
"Bordeaux","NEUTRAL","1"
"Weinfelden","NEUTRAL","32"
"Based in Miami","NEUTRAL","1"
"Global","NEUTRAL","9"
"Thurgau | Schweiz","NEUTRAL","6"
"Zürich / Schaffhausen","NEUTRAL","2"
"Rüti ZH, Schweiz","NEUTRAL","2"
"Visp","NEUTRAL","64"
"Bellinzona","NEUTRAL","120"
"Solothurn - Switzerland","POSITIVE","1"
"Graubünden, Schweiz","NEUTRAL","23"
"Zürich, Schweiz","POSITIVE","3"
"SF, or a suitcase","NEUTRAL","1"
"47.443143,8.626668","NEUTRAL","2"
"Munich","NEUTRAL","6"
"In Baden und rundherum ...","NEGATIVE","2"
"Thun, Zürich, Schweiz","NEGATIVE","1"
"الكويت - قرطبة","NEUTRAL","1"
"Baden-Württemberg","POSITIVE","2"
"Hamburg","NEUTRAL","32"
"Santiago - Viña del Mar","NEUTRAL","4"
"Kloten, Switzerland","POSITIVE","1"
"Rheinfelden","NEGATIVE","1"
"Sevilla","NEUTRAL","2"
"Tägerwilen","NEUTRAL","3"
"Zürich Schaffhausen","NEUTRAL","1"
"Denizli/Amasya","NEUTRAL","1"
"Offenbach am Main","NEUTRAL","3"
"Basle, Basel City","NEUTRAL","5"
"Kallnach, Switzerland","NEUTRAL","1"
"Former Yugoslav Republic of Macedonia","NEUTRAL","3"
"Kuantan, Pahang","NEUTRAL","2"
"Flüelen","NEUTRAL","2"
"Rapperswil SG","NEUTRAL","1"
"Aarau","NEGATIVE","2"
"Engadin","NEUTRAL","6"
"Port, Bern","NEUTRAL","2"
"Kreuzlingen","POSITIVE","1"
"London UK","NEUTRAL","1"
"Genève, Suisse","NEUTRAL","2"
"태국","NEUTRAL","1"
"India/Switzerland","NEUTRAL","4"
"luzern, schweiz","NEUTRAL","13"
"Luzern, Schweiz","NEUTRAL","31"
"Rheinland-Pfalz","NEUTRAL","1"
"Mayence, Rhineland-Palatinate","NEUTRAL","1"
"Zurich, Suisse","NEUTRAL","1"
"Sant Cugat, Barcelona","NEUTRAL","1"
"Chur","POSITIVE","42"
"Sankt Gallen","POSITIVE","22"
"Basel-Stadt / Riehen","NEUTRAL","18"
"Salford Quays","NEUTRAL","1"
"Südthüringen","NEUTRAL","4"
"winterthur","NEUTRAL","4"
"Sassenberg, Germany","NEUTRAL","1"
"스위스","NEUTRAL","1"
"Wald ZH, Switzerland","NEUTRAL","3"
"Kaisten","NEUTRAL","2"
"Fribourg Switzerland","NEUTRAL","2"
"Münsingen CH","NEUTRAL","1"
"Oxfordshire, UK","NEUTRAL","1"
"Aargau, Schweiz","NEUTRAL","35"
"Horw, Luzern","NEUTRAL","3"
"Mönchengladbach","NEUTRAL","1"
"Bulle","NEUTRAL","1"
"Luzern","NEGATIVE","6"
"Kriens, Luzern","POSITIVE","2"
"Aegerten","NEUTRAL","3"
"London UK3","NEUTRAL","2"
"Munich / Sendling","NEUTRAL","1"
"Vienna - Wien","NEUTRAL","1"
"11060502","NEUTRAL","1"
"Schliengen","NEUTRAL","29"
"Ici et un peu là-bas aussi ...","NEUTRAL","8"
"ZRH","POSITIVE","10"
"Weingarten (Baden), Germany","NEUTRAL","146"
"switzerland/olten","NEUTRAL","1"
"Zur Zeit öfters in Thalwil","NEUTRAL","1"
"Allschwil, Basel-Land","NEUTRAL","4"
"NORTH ZURICH","NEUTRAL","1"
"Bern","NEUTRAL","13277"
"Zurich","NEUTRAL","8137"
"Biel/Bienne, Switzerland","NEUTRAL","94"
"ちーば","NEUTRAL","3"
"Leuk","NEUTRAL","7"
"Bern, Zürich, Basel","POSITIVE","1"
"Mettmenstetten","NEUTRAL","3"
"Karlsruhe (Germany)","NEUTRAL","2"
"Luzern, Zentralschweiz","NEUTRAL","12"
"Mainz","NEGATIVE","1"
"Amriswil / Zürich / Freiburg","NEUTRAL","1"
"Unterlunkhofen, Aargau","NEGATIVE","1"
"www.instagram.com/annebahr89","NEUTRAL","30"
"Karlsruhe/Heidelberg","POSITIVE","1"
"8115 Hüttikon","NEUTRAL","1"
"Zürich, St.Gallen, FF, MUC, HH","POSITIVE","1"
"Magdeburg, Sachsen-Anhalt","POSITIVE","1"
"Rubigen","NEUTRAL","34"
"Your Group Chat","NEUTRAL","1"
"47.48631385,8.91246133","NEUTRAL","4"
"Lagos","NEUTRAL","1"
"Gate A","NEUTRAL","3"
"Geneva","POSITIVE","3"
"i love the way you lie...","NEUTRAL","1"
"Baden","NEGATIVE","2"
"Herisau","NEUTRAL","108"
"Biel, Bern","NEUTRAL","3"
"Deutschland","NEUTRAL","49"
"Viseu - Portugal","NEUTRAL","1"
"Asuncion-Paraguay","NEUTRAL","4"
"Orsenigo (Como)","NEUTRAL","1"
"Basel/Schweiz","NEUTRAL","1"
"Moscow, Russia","NEUTRAL","1"
"Cham","NEUTRAL","1"
"Kölliken, Switzerland","NEUTRAL","6"
"Switzerland Aargau","NEUTRAL","21"
"iPhone: 49.955372,11.581735","NEUTRAL","1"
"Bayern, Deutschland","NEUTRAL","1"
"am zugersee zu finden","NEUTRAL","1"
"Avilés, Asturias","NEUTRAL","3"
"aktuell: Biel, Bern","POSITIVE","2"
"Mawanda road ß kampala-uganda","NEUTRAL","4"
"Maienfeld","NEUTRAL","3"
"Münster, Nordrhein-Westfalen","NEUTRAL","2"
"Waldenburg","NEGATIVE","3"
"Solothurn","POSITIVE","18"
"Somewhere over the rainbow","NEUTRAL","1"
"ابعد مما تتخيل !!","NEUTRAL","1"
"Marbella","NEUTRAL","1"
"Nashville","NEUTRAL","1"
"Baden | St. Gallen | Berlin","NEUTRAL","1"
"Hochfelden","POSITIVE","1"
"Dietikon","NEUTRAL","28"
"Nesslau, Sankt Gallen","NEUTRAL","2"
"Suiza - España","NEUTRAL","3"
"Chiasso, Switzerland","NEUTRAL","1"
"Solothurn, Switzerland","POSITIVE","1"
"Frankfurt/Main","NEUTRAL","2"
"Aquino FR","NEUTRAL","1"
"スイス","NEGATIVE","1"
"76448 Durmersheim","NEUTRAL","1"
"Villingen-Schwenningen","NEUTRAL","10"
"Magden","NEUTRAL","14"
"Payerne","NEUTRAL","2"
"Confoederatio Helvetica","NEUTRAL","11"
"Würenlingen, Aargau","NEUTRAL","5"
"Kroatien","NEUTRAL","17"
"iPhone: 0.000000,0.000000","NEUTRAL","1"
"Lausanne","NEGATIVE","1"
"St. Gallen, Schweiz","POSITIVE","3"
"Switzerland - France","POSITIVE","1"
"The White White West","NEUTRAL","2"
"Oberwallis","NEUTRAL","21"
"ÜT: 46.943891,7.431246","POSITIVE","2"
"Evesham, Worcestershire","NEUTRAL","3"
"Thalwil, Switzerland","NEUTRAL","12"
"Wil - Kanton St.Gallen","NEUTRAL","2"
"Istanbul, Turkey","NEUTRAL","1"
"Rüti, Zürich CH","POSITIVE","1"
"Schenkon","NEUTRAL","304"
"Zurich • Suisse","NEUTRAL","4"
"Basilea","NEUTRAL","8"
"röschtigrabe/traumwelt","NEUTRAL","1"
"Kanton Aargau, Switzerland","NEUTRAL","8"
"e.fasquel@robert-aebi.com","NEUTRAL","1"
"iPhone: 47.378956,8.535338","POSITIVE","1"
"Nürnberg","NEUTRAL","2"
"Frankfurt am Main","NEUTRAL","14"
"Davos Klosters","POSITIVE","6"
"Weinbergstr. 15, 8001 Zürich","NEUTRAL","1"
"Schopfheim","NEUTRAL","13"
"Rhineland-Palatinate, Germany","NEUTRAL","5"
"Monte Carasso, Ticino, CH","NEUTRAL","5"
"London and Los Angeles","NEUTRAL","1"
"Istanbul","POSITIVE","1"
"Sao Paulo","NEUTRAL","2"
"hier","NEUTRAL","1"
"Winterthur, Schweiz","NEUTRAL","49"
"Winterthur, Switzerland","POSITIVE","3"
"Trimmis","NEUTRAL","4"
"Austria","NEUTRAL","20"
"Hong Kong","NEUTRAL","1"
"Bremerhaven","POSITIVE","11"
"Saint Gallen, Switzerland","NEUTRAL","1"
"www.successchoices.ch","NEUTRAL","1"
"NCR","NEUTRAL","2"
"Swiss","NEGATIVE","1"
"Scuol","NEUTRAL","23"
"Zürich Switzerland","NEUTRAL","13"
"Dietikon, Switzerland","NEUTRAL","1"
"here","NEUTRAL","1"
"Berna","NEUTRAL","2"
"Kanpur, Uttar Pradesh","NEUTRAL","1"
"Berlin, Berlin","NEUTRAL","2"
"Southern California Based L.A.","NEUTRAL","2"
"Panamá","NEUTRAL","9"
"Freiburg - Fribourg","POSITIVE","1"
"Solothurn City","NEUTRAL","1"
"Inoffizieller Kanal","NEUTRAL","6"
"gaza","POSITIVE","1"
"fribourg, switzerland","NEUTRAL","1"
"Thun","NEGATIVE","4"
"Basel - Schweiz","NEUTRAL","1"
"barcelona - españaa","NEUTRAL","1"
"Prague, Czech Republic","NEUTRAL","1"
"Zurich, Switzerland","POSITIVE","23"
"Bernese Oberland, Switzerland","NEUTRAL","1"
"Grenchen","NEUTRAL","2"
"Indonesia","NEUTRAL","8"
"Bern/CH, Hermagor/A","NEUTRAL","4"
"Souvlaki Space Station","NEUTRAL","1"
"Republic of Slovenia","POSITIVE","1"
"None","NEUTRAL","4600"
"Schwarzenbach / Switzerland","NEUTRAL","4"
"Zurich - Switzerland","NEUTRAL","2"
"Switzerland, Berne","NEUTRAL","3"
"zurich","NEUTRAL","1"
"Interlaken","POSITIVE","2"
"3001 Bern","NEUTRAL","8"
"3014 Bern Suisse","NEUTRAL","1"
"im Glarnerland","NEUTRAL","2"
"Twann","NEUTRAL","1"
"Bremgarten","POSITIVE","2"
"Auf der Suche nach Neuigkeiten","NEUTRAL","97"
"Bern (Switzerland)","POSITIVE","1"
"Pottstown, PA","NEUTRAL","1"
"Ludwigshafen am Rhein","NEUTRAL","1"
"Dünya","NEUTRAL","4"
"Karlsruhe, gelegentlich Bonn","NEUTRAL","2"
"Bern (Schweiz/Switzerland)","POSITIVE","1"
"Stuttgart","NEUTRAL","23"
"Grahamstown, South Africa","NEUTRAL","1"
"Magglingen, Schweiz","NEUTRAL","2"
"Sadnessland","NEUTRAL","1"
"Langenthal BE","NEUTRAL","24"
"iPhone: 47.059861,8.311069","NEUTRAL","12"
"Limburgerhof, Rheinland-Pfalz","NEUTRAL","1"
"Seewen SZ Switzerland","NEUTRAL","2"
"Wettingen","NEUTRAL","1"
"Lachen am Zurichsee","NEUTRAL","2"
"Stans","NEGATIVE","1"
"Zuerich","POSITIVE","37"
"Küssnacht","NEUTRAL","4"
"Zürcher Unterland","POSITIVE","4"
"hier und online","NEUTRAL","12"
"Snapchat: luca4133","POSITIVE","4"
"Hessle, United Kingdom","NEUTRAL","1"
"Heilbronn","NEUTRAL","209"
"Würfelzucker-City","NEUTRAL","77"
"Wetzikon","NEUTRAL","7"
"Schweiz / Sky","NEUTRAL","7"
"Frauenfeld, Switzerland","NEUTRAL","2"
"Paris","POSITIVE","1"
"Cologne","NEUTRAL","3"
"India","NEUTRAL","10"
"Ischia (Italy)","NEUTRAL","1"
"Lohr am Main, Bayern/Bangalore","NEUTRAL","1"
"Zwischen Bären- und Mühleplatz","NEUTRAL","2"
"Niederrohrdorf","NEUTRAL","1"
"Ilanz - Laax","NEUTRAL","1"
"Bristol & Liverpool","NEUTRAL","1"
"Lighthouse in Basel, Ch","NEUTRAL","1"
"S, MZ, BAD","NEUTRAL","1"
"bettbettbettbettbettbettbettbettbettbettbett","POSITIVE","1"
"Olten","POSITIVE","25"
"Börlin","NEUTRAL","11"
"Zug","NEUTRAL","277"
"Horw (LU)","NEUTRAL","2"
"Chur","NEGATIVE","2"
"Hospitalet de Llobregat","NEUTRAL","1"
"Sankt Gallen","NEGATIVE","1"
"Mauren / Liechtenstein","NEUTRAL","1"
"ISTANBUL","NEUTRAL","1"
"Suíça","NEUTRAL","163"
"Novi Sad , Zurich","NEUTRAL","2"
"Philippines","NEUTRAL","9"
"Badisches Exil","NEUTRAL","251"
"Tübingen","NEUTRAL","72"
"Bern / Salzburg","NEUTRAL","4"
"Monaco di Baviera","NEUTRAL","2"
"Kuwait ❤️","NEUTRAL","1"
"Greater Zurich | Switzerland","NEUTRAL","1"
"SwissGirl ❤","POSITIVE","1"
"Wangen an der Aare","NEUTRAL","2"
"Zamumda","NEUTRAL","2"
"Zwitserland","NEUTRAL","5"
"Solothurn, Schweiz/Switzerland","NEUTRAL","7"
"Horb - Deutschland / Baden-Wür","NEUTRAL","1"
"Zurich, Portland, Austin","POSITIVE","2"
"Freienbach, Schwyz","NEUTRAL","1"
"Abu Dhabi","NEUTRAL","3"
"República Dominicana & PR☀️","NEUTRAL","1"
"Burgdorf, Switzerland","NEUTRAL","8"
"Endless Road 7058","NEUTRAL","1"
"South Germany","NEUTRAL","1"
"Zofingen","POSITIVE","1"
"Medienberater rro","NEUTRAL","1"
"Schönbühl","POSITIVE","1"
"47.419852,9.370023","POSITIVE","2"
"Steckborn","NEUTRAL","4"
"Zurich, Bern, Rome","NEUTRAL","2"
"Hochdorf","NEUTRAL","14"
"verschiedene Standorte in CH","NEUTRAL","1"
"47.580262,-122.135105","NEUTRAL","1"
"Buchs, St. Gallen","NEUTRAL","1"
"ferraz de Vasconcelos","NEUTRAL","1"
"Glarus","POSITIVE","2"
"Wettingen, Aargau","NEUTRAL","14"
"Lucerne","POSITIVE","9"
"Bad Kissingen","NEUTRAL","5"
"Hochfelden & Rümlang","POSITIVE","1"
"Ems, Graubünden","POSITIVE","1"
"near Stuttgart, Germany","NEUTRAL","18"
"Asunción, Paraguay","NEUTRAL","5"
"46.530002,6.621964","NEUTRAL","2"
"Berlin","NEUTRAL","80"
"Bern / Orkney","NEUTRAL","3"
"Ottenbach, Zürich, Schweiz","NEUTRAL","1"
"Santo Domingo, DR","NEUTRAL","1"
"Ipsach","NEUTRAL","1"
"Svizzera","POSITIVE","1"
"Amden","NEUTRAL","15"
"Columbia, SC, USA","NEUTRAL","8"
"Mannheim / Germany","NEUTRAL","3"
"Bern, Thun","POSITIVE","1"
"everywhere","NEUTRAL","2"
"Zürich, Zürich","NEUTRAL","1"
"Uster","NEUTRAL","285"
"Switzerland","NEUTRAL","48198"
"Weenperiale Flotte","POSITIVE","70"
"Hamburg & der Norden","NEUTRAL","2"
"Hamburg // Melbourne","NEUTRAL","1"
"Zürich/Gerra","NEUTRAL","3"
"Tierra","NEUTRAL","1"
"Croatia","NEUTRAL","1"
"Winterthur","NEUTRAL","2361"
"Basel. Switzerland","NEUTRAL","2"
"Eindhoven, Netherlands","NEUTRAL","1"
"Sursee","NEUTRAL","59"
"47.259682,8.844828","NEUTRAL","45"
"Zug, Switzerland","NEUTRAL","10"
"Pfäffikon, SZ","NEUTRAL","5"
"Zurich (CH)","NEUTRAL","3"
"badlands","NEUTRAL","1"
"Halfway over the Sarchasm","POSITIVE","1"
"Stuttgart, Baden-Württemberg","NEUTRAL","1"
"46.959,7.4425","NEUTRAL","1"
"MIA✈️","NEUTRAL","2"
"Laufenburg","POSITIVE","1"
"Turkey - Istanbul - Adana","NEUTRAL","1"
"Don Valley Village, Toronto","NEUTRAL","1"
"Zürich - Bedford - London","NEUTRAL","1"
"Rostock","POSITIVE","1"
"Liverpool, England","NEUTRAL","1"
"in the world","NEUTRAL","2"
"aus karlsruhe","NEUTRAL","1"
"London","NEUTRAL","16"
"sargans, schweiz","NEUTRAL","1"
"Wengen","NEUTRAL","5"
"Zurich + Ocean Falls B.C.","NEUTRAL","34"
"Freaktal, Schweiz","NEUTRAL","4"
"Karlsruhe/Bremen","NEUTRAL","5"
"Neuchâtel","POSITIVE","3"
"47.272961,8.856174","NEUTRAL","5"
"Basel_bsl","NEUTRAL","12"
"BORUSSIA-PARK","NEUTRAL","20"
"Kreuzlingen, Switzerland","NEUTRAL","1"
"Thurgau, Schweiz","POSITIVE","2"
"Sao Paulo Brasil","NEUTRAL","1"
"Friuli-Venezia Giulia, Italia","NEUTRAL","1"
"Freiburg, Germany","NEUTRAL","1"
"Zurich City","NEUTRAL","6"
"City Circle, the Capitol","NEUTRAL","32"
"Bern, Switzerland","POSITIVE","7"
"Salvador - BA","NEUTRAL","1"
"London, UK","NEUTRAL","2"
"Bengaluru, India","NEUTRAL","1"
"Linn Aargau","NEUTRAL","6"
"Rhein-Main","NEUTRAL","2"
"schweiz 0041768160697","NEUTRAL","1"
"Moscow","NEUTRAL","1"
"Wildhaus-Alt St. Johann","NEUTRAL","1"
"Rubigenstrasse 1, 3123 Belp","NEUTRAL","1"
"Wall Street","NEUTRAL","1"
"Walldorf, Germany & Global","NEUTRAL","2"
"Tellstrasse 31, Zürich","NEUTRAL","2"
"Vaduz, Liechtenstein","NEUTRAL","4"
"Stuttgart / Tübingen","POSITIVE","1"
"Köln, Nordrhein-Westfalen","POSITIVE","1"
"Ormalingen, Switzerland","NEUTRAL","1"
"Muttenz","NEUTRAL","1"
"Solothurn","NEUTRAL","659"
"Switzerland, Basel","NEUTRAL","4"
"Thun, Schweiz","NEUTRAL","4"
"Vaduz","NEUTRAL","1"
"Paris, Ile-de-France, France","NEUTRAL","1"
"Lenzburg","POSITIVE","20"
"Andelfingen","NEUTRAL","4"
"vienna | mit dem ❤️ in Tirol","NEUTRAL","12"
"Berne, Switzerland","NEUTRAL","8"
"Nussbaumen AG / Buchs AG","POSITIVE","2"
"Biel","NEUTRAL","180"
"Australia","NEUTRAL","1"
"Langenthal BE, Schweiz","NEUTRAL","2"
"Opfikon (CH)","NEUTRAL","3"
"Lviv, Ukraine","NEUTRAL","3"
"Frutigen","POSITIVE","1"
"Mannheim, Baden-Württemberg","POSITIVE","1"
"Sarnen","NEUTRAL","99"
"Hamburg, Deutschland","NEUTRAL","32"
"Lucerne | Switzerland","NEUTRAL","2"
"Berlin, Deutschland","NEUTRAL","5"
"facebook.com/bayramkoksal40","NEUTRAL","1"
"Freiburg im Breisgau, Baden-Wü","NEUTRAL","7"
"Amriswil, Switzerland","NEUTRAL","2"
"France","NEUTRAL","2"
"Unterwegs","NEUTRAL","6"
"W̶e̶i̶m̶a̶r̶ ̶ Zürich","POSITIVE","1"
"47.344588,8.695852","NEUTRAL","1"
"Sankt Gallen, Sankt Gallen","NEUTRAL","2"
"Stuttgart, BaWü, GERMANY","NEUTRAL","2"
"Turin, Piedmont","NEUTRAL","1"
"schweiz","NEUTRAL","114"
"Bern-Switzerland","NEUTRAL","1"
"Omaha, NE","NEUTRAL","2"
"jegenstorf","NEUTRAL","2"
"Arth","NEUTRAL","4"
"Suïssa","POSITIVE","1"
"Bregenz","NEUTRAL","1"
"Hell","NEUTRAL","3"
"Zurigo","NEUTRAL","184"
"Bern Switzerland","NEUTRAL","3"
"Uerkheim AG","NEUTRAL","3"
"Zürich, CH & Four Oaks, UK","NEUTRAL","1"
"Bern, Ryffligässchen 5","NEUTRAL","1"
"Appenzell","POSITIVE","1"
"iPhone: 47.360767,8.522915","NEUTRAL","1"
"Brussels","NEUTRAL","1"
"Greifswald, Germany","NEUTRAL","1"
"Liestal, Basel-Land","POSITIVE","1"
"Lugano","NEUTRAL","64"
"Brig-Glis, Wallis","NEUTRAL","2"
"Lyss, Schweiz","NEUTRAL","29"
"Bad Dürkheim / Germany","NEUTRAL","1"
"Zurich [Fribourg], Switzerland","NEUTRAL","6"
"Zuerich","NEGATIVE","1"
"Mannheim","POSITIVE","1"
"Baden-Baden","POSITIVE","5"
"Konstanz. And the whole world.","NEUTRAL","1"
"basel","NEUTRAL","2"
"Santiago, Chile.","NEUTRAL","3"
"Koblenz/Mainz/Rhein/Mosel","NEUTRAL","1"
"Wollerau","NEUTRAL","1"
"Saas-Fee","NEUTRAL","1"
"Bad Zurzach","NEUTRAL","12"
"Genf","NEUTRAL","30"
"Aichi, Japan","NEUTRAL","4"
"8488 Turbenthal, Schweiz","NEUTRAL","73"
"Herzogenaurach","NEUTRAL","4"
"Rapperswil, Switzerland","POSITIVE","17"
"Davos Platz","NEUTRAL","2"
"Bern und 3.0 NM LSZB ILS RWY14","NEUTRAL","7"
"Langnau, Berne","NEUTRAL","1"
"Redondo Beach, CA","NEUTRAL","1"
"Immendingen, Germany","NEUTRAL","2"
"Olten","NEGATIVE","1"
"Bülach","NEUTRAL","342"
"Stuttgart&Nuremburg, GER","NEUTRAL","2"
"London/Spalding","NEUTRAL","1"
"Washington, DC","NEUTRAL","2"
"Basel(Switzerland)","NEUTRAL","1"
"Karlsruhe und der Kontinent.","NEUTRAL","3"
"Oberthal, Saar, Deutschland","NEUTRAL","3"
"Interlaken - Switzerland","NEUTRAL","2"
"St. Gallen, Switzerland","POSITIVE","2"
"basel.ch","NEUTRAL","18"
"Basel, Schweiz","NEUTRAL","10"
"Arlesheim","NEUTRAL","17"
"Karlsruhe, Germany","POSITIVE","1"
"مارك اندولت Ромбах ☪☸e✡i☯† ⚣⚥⚢","NEGATIVE","1"
"Augsburg","NEUTRAL","8"
"Basel City","NEUTRAL","2"
"Schaffhausen","POSITIVE","29"
"Basel","POSITIVE","411"
"Salvador, Bahia","NEUTRAL","2"
"Argentina","NEUTRAL","2"
"zürich","NEUTRAL","6"
"Horgen","NEUTRAL","12"
"Basel-City","NEUTRAL","1"
"kuala lumpur","NEUTRAL","2"
"47.419852,9.370023","NEGATIVE","1"
"Liverpool, UK","NEUTRAL","1"
"Adliswil, Schweiz","NEUTRAL","1"
"Gerade mal nicht bei @brack","NEUTRAL","3"
"MADRID // TORRE DE LA HORADADA","NEUTRAL","1"
"Zug, Schweiz","NEUTRAL","19"
"Southern Germany","NEUTRAL","17"
"Düsseldorf | Kassel | Shanghai","NEUTRAL","1"
"Thurgau | Schweiz","POSITIVE","2"
"Zurich, Bern, Fribourg, Thun","NEGATIVE","1"
"Weinfelden","POSITIVE","3"
"Opava, Moravskoslezský kraj","NEUTRAL","1"
"Ohio","NEUTRAL","1"
"Rotkreuz","NEUTRAL","17"
"Harmonia - Rio Grande do Sul","NEUTRAL","1"
"Manchester","NEUTRAL","1"
"Zurich / Basel, Switzerland","NEUTRAL","1"
"Bellinzona","POSITIVE","1"
"Graubünden, Schweiz","POSITIVE","1"
"3rd rock from sol, Menzingen","NEUTRAL","66"
"germany","NEUTRAL","26"
"elfingen, switzerland","NEUTRAL","1"
"Sälen","NEUTRAL","1"
"Curitiba - Brasil","NEUTRAL","1"
"Brig","NEUTRAL","888"
"Zurich, Down Town Switzerland","NEUTRAL","1"
"Boppelsen, Zürich, Schweiz","NEUTRAL","1"
"Auf'm Ponyhof","NEUTRAL","8"
"Preston, UK","NEUTRAL","1"
"Switzerland Zürich Wetzikon","NEUTRAL","2"
"ÜT: -6.3122453,106.8145667","NEUTRAL","1"
"CH-8730 Uznach Schweiz","NEUTRAL","1"
"Schweiz","NEUTRAL","44216"
"luzern, schweiz","POSITIVE","2"
"dübendorf","NEUTRAL","11"
"Bern / Schweiz","NEUTRAL","3"
"b/w shade","NEUTRAL","8"
"symbadisch","NEUTRAL","1"
"Weenperiale Flotte","NEGATIVE","4"
"Zürich/ZRH - Switzerland/Suiza","NEUTRAL","6"
"India/Switzerland","POSITIVE","1"
"Luzern, Schweiz","POSITIVE","1"
"Penang Island","NEUTRAL","1"
"Heitenried/Liebefeld","NEUTRAL","1"
"home @ the world","NEUTRAL","2"
"Швейцария","NEUTRAL","1"
"Blaenavon","NEUTRAL","1"
"Muri","NEUTRAL","1"
"Isvicre","NEUTRAL","2"
"Schweiz(Bern)","NEUTRAL","2"
"Basel/ Switzerland","NEUTRAL","1"
"CH-St. Gallen","NEUTRAL","5"
"Zürich, Switzerland; Zurich","NEUTRAL","4"
"Tuscany, Italy","NEUTRAL","1"
" Swiss - Zurich - Dietikon","NEUTRAL","1"
"Zürich,switzerland","NEUTRAL","1"
"New Watch City","NEUTRAL","1"
"Lucerne, switzerland","NEUTRAL","7"
"France.","NEUTRAL","1"
"Schliengen","POSITIVE","1"
"St.Gallen","NEUTRAL","6"
"Rüti, Zürich, Schweiz","NEUTRAL","3"
"Radolfzell, Germany","NEUTRAL","1"
"Mannheim, Neuland","NEGATIVE","1"
"47.377181,8.539306","NEUTRAL","27"
"Helvetia","NEUTRAL","1"
"Bern","POSITIVE","440"
"Zurich","POSITIVE","1263"
"Biel/Bienne, Switzerland","POSITIVE","14"
"London / Zug","NEUTRAL","1"
"Anywhere","NEUTRAL","5"
"Florida","NEUTRAL","2"
"London, England","NEUTRAL","5"
"Oberwil,Baselland, Switzerland","NEUTRAL","1"
"Vancouver","NEUTRAL","1"
"Köln, Nordrhein-Westfalen","NEGATIVE","1"
"Ratzeburg, SH/Germany","NEUTRAL","1"
"Bangkok Thailand","NEUTRAL","16"
"Zürich, Switzerland","NEUTRAL","51"
"Thun, Switzerland","NEUTRAL","7"
"Steinen","NEUTRAL","1"
"Baden, Aargau, Schweiz","NEUTRAL","4"
"Rubigen","POSITIVE","1"
"Bern-Berner Oberland, Schweiz","NEUTRAL","1"
"Wernetshausen","NEUTRAL","2"
"Zürich","NEGATIVE","70"
"Thalwil - Schweiz","NEUTRAL","2"
"Biel, Bern","POSITIVE","3"
"Euro Zone","NEUTRAL","1"
"Herisau","POSITIVE","9"
"72160 Horb - Mühringen","NEUTRAL","1"
"South Africa","NEUTRAL","2"
"Zürich, Praha, Lednice","NEUTRAL","1"
"probably at a concert","NEUTRAL","1"
"Genève","NEUTRAL","129"
"sleep: basel | work: zürich","NEUTRAL","3"
"15x in der ganzen Schweiz","NEUTRAL","3"
"Deutschland✌ Kurdistan","NEUTRAL","2"
"Naters (aber immer Rarner)","NEUTRAL","26"
"Amden, Schweiz","NEUTRAL","1"
"Bogota","NEUTRAL","1"
"Zürich Bülach","NEUTRAL","1"
"muser & greysessed","NEUTRAL","1"
"Kölliken, Switzerland","POSITIVE","2"
"Laufen","NEUTRAL","28"
"Olten, Switzerland","NEUTRAL","32"
"München und SWR-Land","NEUTRAL","1"
"Maienfeld","POSITIVE","1"
"Heidelberg, Rohrbach, BW","NEUTRAL","1"
"Züri | Switzerland","NEUTRAL","1"
"Vila Boa-MCN","NEUTRAL","2"
"Malaga City 2 Las Gidi","NEUTRAL","2"
"Basel, Switzerland","NEUTRAL","48"
"Frecher Geist weht, wo er will","NEUTRAL","114"
"Schoren, Langenthal","NEUTRAL","2"
"79279 Vörstetten","NEUTRAL","2"
"Neuchâtel","NEUTRAL","88"
"Dietikon","POSITIVE","6"
"SWITZERLAND","NEUTRAL","15"
"CH - MK - LI - AE","NEUTRAL","1"
"Turicum","NEUTRAL","17"
"Luzern, CH","NEUTRAL","1"
"St. Gallen","NEUTRAL","2046"
"bern, switzerland","NEUTRAL","1"
"Weinfelden TG","NEUTRAL","1"
"Magden","POSITIVE","1"
"Wittnau","NEUTRAL","1"
"Boulder, CO","NEUTRAL","1"
"Magdeburg, Deutschland","NEUTRAL","1"
"Istanbul, Turkey","POSITIVE","1"
"Oberwallis","POSITIVE","4"
"Swissgrid 630 000 / 269 000","NEUTRAL","5"
"Austrian in Basel, Switzerland","NEUTRAL","1"
"Mi casa, Sevilla","NEUTRAL","1"
"Thalwil, Switzerland","POSITIVE","1"
"Schenkon","POSITIVE","15"
"IBM Switzerland","NEUTRAL","5"
"Regio Basiliensis","NEUTRAL","72"
"Ganz-Irre-Weit-Weg-Stadt","NEUTRAL","7"
"south aus","NEUTRAL","1"
"Uttigen","NEUTRAL","1"
"Swiss ✈ Spain","NEUTRAL","1"
"Rapperswil, Switzerland","NEGATIVE","1"
"Heidelberg","NEUTRAL","18"
"★♡★Zürich★♡★","NEUTRAL","336"
"Hogwarts","NEUTRAL","35"
"Ettingen, Basel-Land","NEUTRAL","1"
"Dresden","NEUTRAL","1"
"Winterthur, Schweiz","POSITIVE","2"
"Austria","POSITIVE","3"
"Geneve","NEUTRAL","21"
"Böblingen","NEUTRAL","1"
"Unterseen, Bern","NEUTRAL","12"
"Zürich Schweiz","NEUTRAL","1"
"Encinitas, CA","NEUTRAL","1"
"isviçre","NEUTRAL","2"
"Basel Switzerland","NEUTRAL","1"
"Wohlen AG, Schweiz, Europa","NEUTRAL","1"
"München / Zürich","NEUTRAL","1"
"Zürich Switzerland","POSITIVE","1"
"Basel","NEGATIVE","13"
"barcelona","NEUTRAL","3"
"N 47.410679 E 8.541055","NEUTRAL","5"
"Augsburg (MAHZ)","NEUTRAL","1"
"Bern (Schweiz)","NEUTRAL","3"
"Bülach / Zürich","NEUTRAL","2"
"Anaheim•Orlando•Tokyo•Paris","NEGATIVE","1"
"Valencia, Comunidad Valenciana","NEUTRAL","1"
"Bosco Gurin","NEUTRAL","1"
"Schaffhausen","NEGATIVE","2"
"Guadalajara","NEUTRAL","1"
"Italy","NEUTRAL","1"
"Biel/Bienne","NEUTRAL","194"
"unterwegs im zug","NEGATIVE","1"
"Männedorf","NEUTRAL","1"
"Zigerschlitz","NEUTRAL","1"
"Rotkreuz ZG, Switzerland","NEUTRAL","1"
"8200 Emmersbergstrasse","NEUTRAL","3"
"None","POSITIVE","165"
"Sankt Galler Rheintal","NEUTRAL","38"
"Switzerland, Berne","POSITIVE","1"
"Ostermundigen, Bern","NEUTRAL","3"
"Hamburg, Berlin, Bern","NEUTRAL","3"
"Fribourg","NEUTRAL","1074"
"Beijing, London","NEUTRAL","1"
"Mir sind Züri","NEUTRAL","8"
"Achern, Baden-Württemberg","NEUTRAL","7"
"Munich","NEGATIVE","1"
"İzmir/İstanbul","NEUTRAL","1"
"CH","NEUTRAL","3019"
"Fricktal Switzerland","NEUTRAL","22"
"Los Angeles","NEUTRAL","1"
"Lausanne, Vaud","NEUTRAL","1"
"Zug & Bern, CH; Hong Kong ✈︎","NEUTRAL","5"
"Karlsruhe, gelegentlich Bonn","POSITIVE","1"
"Buochs","NEUTRAL","3"
"Goirle","NEUTRAL","1"
"Baden-Baden, Baden-Württemberg","NEUTRAL","3"
"Bassersdorf ZH (CH)","NEUTRAL","3"
"ÜT: -4.141696,137.087111","NEUTRAL","4"
"New York City","NEUTRAL","3"
"Olten, Solothurn","NEUTRAL","1"
"Naples, Florida","NEUTRAL","2"
"http://www.ultrabanda.com","NEUTRAL","1"
"Bad Zurzach, Switzerland","NEUTRAL","54"
"Swizzyland","NEUTRAL","7"
"Langenthal BE","POSITIVE","10"
"Habsburg, Aargau","NEUTRAL","5"
"Biel, Switzerland","NEUTRAL","4"
"iPhone: 47.059861,8.311069","POSITIVE","1"
"Heidelberg, Baden-Württemberg","NEUTRAL","6"
"Stockholm","NEUTRAL","1"
"Switzerland, Zürich","POSITIVE","3"
"Davao City","NEUTRAL","1"
"Schaffhausen","NEUTRAL","1137"
"Wetzikon","POSITIVE","1"
"Heilbronn","POSITIVE","41"
"Niederrohrdorf","POSITIVE","4"
"Suisse ⛄","NEUTRAL","15"
"Muscat ❤sky ✈","NEUTRAL","1"
"Horw - Heart of Switzerland","NEUTRAL","3"
"Buch am Irchel","NEUTRAL","1"
"Czech Republic","NEUTRAL","1"
"Berlin, Zurich, and back again","NEUTRAL","1"
"Suisse","NEUTRAL","451"
"Zug","POSITIVE","13"
"Luxembourg","NEUTRAL","1"
"Sissach","NEUTRAL","4"
"Athens, Greece","NEUTRAL","2"
"Évora","NEUTRAL","2"
"Chur, Switzerland","NEUTRAL","19"
"Luzern, Bern","NEUTRAL","1"
"austria","NEUTRAL","1"
"Suíça","POSITIVE","3"
"Zweibrücken","NEUTRAL","1"
"Arun Amarin, Bangkok","NEUTRAL","3"
"Liechtenstein","POSITIVE","1"
"İstanbul-Aydın","NEUTRAL","1"
"bern / fribourg / seetal","NEUTRAL","1"
"Einsiedeln","NEUTRAL","69"
"Badisches Exil","POSITIVE","12"
"Tübingen","POSITIVE","4"
"Vienna, Austria","NEUTRAL","2"
"In Baden und rundherum ...","NEUTRAL","52"
"Karlsruhe / Berlin","NEUTRAL","4"
"Villajoyosa / España","NEUTRAL","9"
"Mannheim, Germany","NEUTRAL","16"
"Seengen, Aargau","NEUTRAL","1"
"Left-hand Drive","NEUTRAL","3"
"Solothurn, Schweiz/Switzerland","POSITIVE","1"
"Basel/Switzerland","NEUTRAL","1"
"Widen AG (Schweiz)","NEUTRAL","306"
"restless","NEUTRAL","3"
"Riyadh, Saudi Arabia","NEUTRAL","3"
"Bulacan, Philippines","NEUTRAL","3"
"iPhone: 48.501282,10.011678","NEUTRAL","1"
"r'burg downtown","NEUTRAL","1"
"Bern. World.","NEUTRAL","2"
"next to you... ","NEUTRAL","4"
"Rathausplatz 8, 3011 Bern","NEUTRAL","1"
"Thun, Zürich, Schweiz","NEUTRAL","5"
"Rheinfelden","NEUTRAL","130"
"Bern, Schweiz","NEUTRAL","75"
"Austin, Tx","NEUTRAL","1"
"Tentlingen/Switzerland","NEUTRAL","17"
"Worblaufen, Schweiz","NEUTRAL","4"
"All up in this mug","NEUTRAL","1"
"シンガポール","NEUTRAL","2"
"Kenya","NEUTRAL","2"
"Burgdorf, Switzerland","POSITIVE","1"
"Schliengen","NEGATIVE","1"
"Villagarcía ✈ Suiza","NEUTRAL","1"
"Bern","NEGATIVE","21"
"Zurich","NEGATIVE","12"
"İsviçre","NEUTRAL","6"
"Deutschland / Schweiz","NEUTRAL","11"
"ÜT: 51.491991,0.07189","NEUTRAL","1"
"Switzerland - Zurich","NEUTRAL","1"
"ÜT: 48.093004,16.306316","NEUTRAL","3"
"Biel/Bienne, Switzerland","NEGATIVE","1"
"Seoul, South Korea","NEUTRAL","1"
"Barcelona, Rest of the World","NEUTRAL","1"
"Vienna","NEUTRAL","1"
"stein","NEUTRAL","1"
"Kanton Schwyz (CH)","NEUTRAL","1"
"Fort Campbell, Kentucky","NEUTRAL","1"
"Aarau","NEUTRAL","869"
"Berneck","NEUTRAL","3"
"BADAJOZ, SPAIN","NEUTRAL","1"
"Züri - Bärn","NEUTRAL","3"
"@CERN","NEUTRAL","1"
"Zermatt","NEUTRAL","36"
"Buchrain, Switzerland","NEUTRAL","89"
"switzerland","NEUTRAL","54"
"Bern, Berne","NEUTRAL","80"
"Bern, Belp Switzerland","POSITIVE","1"
"Utzigen, Schweiz","NEUTRAL","3"
"London & Switzerland","NEUTRAL","29"
"Olten / London","NEUTRAL","6"
"gnv / 1220","NEUTRAL","1"
"Zurich (via Cork)","NEUTRAL","1"
"Entlebuch, Luzern","NEUTRAL","2"
"Baden (CH)","NEUTRAL","15"
"Instagram: pauetisso1","NEUTRAL","1"
"Wabern. Switzerland","NEUTRAL","3"
"Ipsach","POSITIVE","1"
"Canada","NEUTRAL","1"
"Lieferservice, Take-Away","NEUTRAL","1"
"behind the seven Mountains","NEUTRAL","4"
"Berlin","POSITIVE","1"
"Melbourne","NEUTRAL","1"
"Sion, Valais","NEUTRAL","4"
"PostFinance-Arena Bern","NEUTRAL","2"
"Melbourne Australia","NEUTRAL","1"
"Mannheim / Germany","POSITIVE","4"
"würenlos","NEUTRAL","3"
"Unterentfelden","NEUTRAL","1"
"Sankt Gallen, Switzerland","NEUTRAL","9"
"Meersburg am Bodensee","NEUTRAL","1"
"St.Gallen, Zürich","NEUTRAL","1"
"Sta.Rosa, Laguna","NEUTRAL","6"
